To honour the JVM settings for this build a single-use Daemon process will be forked. For more on this, please refer to https://docs.gradle.org/8.8/userguide/gradle_daemon.html#sec:disabling_the_daemon in the Gradle documentation.
Daemon will be stopped at the end of the build 

> Configure project :
MixinGradle is skipping eclipse integration, extension not found
Java: 17.0.18, JVM: 17.0.18+8 (Eclipse Adoptium), Arch: amd64

> Task :downloadMcpConfig
> Task :extractSrg UP-TO-DATE
> Task :createMcpToSrg UP-TO-DATE
> Task :compileJava UP-TO-DATE
> Task :processResources UP-TO-DATE
> Task :classes UP-TO-DATE
> Task :createSrgToMcp UP-TO-DATE
> Task :downloadMCMeta UP-TO-DATE
> Task :downloadAssets UP-TO-DATE
> Task :extractNatives UP-TO-DATE
> Task :makeSrcDirs
> Task :prepareRuns
> Task :prepareRunClient
> Task :prepareRunClientCompile UP-TO-DATE

> Task :runClient
2026-05-02 11:10:34,064 main WARN Advanced terminal features are not available in this environment
[11:10:34] [main/INFO] [cp.mo.mo.Launcher/MODLAUNCHER]: ModLauncher running: args [--launchTarget, forgeclientuserdev, --version, MOD_DEV, --assetIndex, 5, --assetsDir, C:\Users\Administrator\.gradle\caches\forge_gradle\assets, --gameDir, ., --fml.forgeVersion, 47.1.3, --fml.mcVersion, 1.20.1, --fml.forgeGroup, net.minecraftforge, --fml.mcpVersion, 20230612.114412, --mixin.config, dsurround.mixins.json]
[11:10:34] [main/INFO] [cp.mo.mo.Launcher/MODLAUNCHER]: ModLauncher 10.0.9+10.0.9+main.dcd20f30 starting: java version 17.0.18 by Eclipse Adoptium; OS Windows 11 arch amd64 version 10.0
[11:10:34] [main/DEBUG] [cp.mo.mo.LaunchServiceHandler/MODLAUNCHER]: Found launch services [fmlclientdev,forgeclient,minecraft,forgegametestserverdev,fmlserveruserdev,fmlclient,fmldatauserdev,forgeserverdev,forgeserveruserdev,forgeclientdev,forgeclientuserdev,forgeserver,forgedatadev,fmlserver,fmlclientuserdev,fmlserverdev,forgedatauserdev,testharness,forgegametestserveruserdev]
[11:10:34] [main/DEBUG] [cp.mo.mo.NameMappingServiceHandler/MODLAUNCHER]: Found naming services : [srgtomcp]
[11:10:34] [main/DEBUG] [cp.mo.mo.LaunchPluginHandler/MODLAUNCHER]: Found launch plugins: [mixin,eventbus,slf4jfixer,object_holder_definalize,runtime_enum_extender,capability_token_subclass,accesstransformer,runtimedistcleaner]
[11:10:34] [main/DEBUG] [cp.mo.mo.TransformationServicesHandler/MODLAUNCHER]: Discovering transformation services
[11:10:34] [main/DEBUG] [ne.mi.fm.lo.FMLPaths/CORE]: Path GAMEDIR is H:\MinecraftMods\DynamicSurroundingsFroge-1.20.1\run
[11:10:34] [main/DEBUG] [ne.mi.fm.lo.FMLPaths/CORE]: Path MODSDIR is H:\MinecraftMods\DynamicSurroundingsFroge-1.20.1\run\mods
[11:10:34] [main/DEBUG] [ne.mi.fm.lo.FMLPaths/CORE]: Path CONFIGDIR is H:\MinecraftMods\DynamicSurroundingsFroge-1.20.1\run\config
[11:10:34] [main/DEBUG] [ne.mi.fm.lo.FMLPaths/CORE]: Path FMLCONFIG is H:\MinecraftMods\DynamicSurroundingsFroge-1.20.1\run\config\fml.toml
[11:10:34] [main/DEBUG] [cp.mo.mo.TransformationServicesHandler/MODLAUNCHER]: Found additional transformation services from discovery services: 
[11:10:34] [main/INFO] [ne.mi.fm.lo.ImmediateWindowHandler/]: Loading ImmediateWindowProvider fmlearlywindow
[11:10:34] [main/INFO] [EARLYDISPLAY/]: Trying GL version 4.6
[11:10:35] [main/INFO] [EARLYDISPLAY/]: Requested GL version 4.6 got version 4.6
[11:10:35] [main/DEBUG] [cp.mo.mo.TransformationServicesHandler/MODLAUNCHER]: Found transformer services : [mixin,fml]
[11:10:35] [main/DEBUG] [cp.mo.mo.TransformationServicesHandler/MODLAUNCHER]: Transformation services loading
[11:10:35] [main/DEBUG] [cp.mo.mo.TransformationServiceDecorator/MODLAUNCHER]: Loading service mixin
[11:10:35] [main/DEBUG] [cp.mo.mo.TransformationServiceDecorator/MODLAUNCHER]: Loaded service mixin
[11:10:35] [main/DEBUG] [cp.mo.mo.TransformationServiceDecorator/MODLAUNCHER]: Loading service fml
[11:10:35] [main/DEBUG] [ne.mi.fm.lo.LauncherVersion/CORE]: Found FMLLauncher version 1.0
[11:10:35] [main/DEBUG] [ne.mi.fm.lo.FMLLoader/CORE]: FML 1.0 loading
[11:10:35] [main/DEBUG] [ne.mi.fm.lo.FMLLoader/CORE]: FML found ModLauncher version : 10.0.9+10.0.9+main.dcd20f30
[11:10:35] [main/DEBUG] [ne.mi.fm.lo.FMLLoader/CORE]: FML found AccessTransformer version : 8.0.4+66+master.c09db6d7
[11:10:35] [main/DEBUG] [ne.mi.fm.lo.FMLLoader/CORE]: FML found EventBus version : 6.0.5+6.0.5+master.eb8e549b
[11:10:35] [main/DEBUG] [ne.mi.fm.lo.FMLLoader/CORE]: Found Runtime Dist Cleaner
[11:10:35] [main/DEBUG] [ne.mi.fm.lo.FMLLoader/CORE]: FML found CoreMod version : 5.0.1+15+master.dc5a2922
[11:10:35] [main/DEBUG] [ne.mi.fm.lo.FMLLoader/CORE]: Found ForgeSPI package implementation version 7.0.1+7.0.1+master.d2b38bf6
[11:10:35] [main/DEBUG] [ne.mi.fm.lo.FMLLoader/CORE]: Found ForgeSPI package specification 5
[11:10:35] [main/DEBUG] [cp.mo.mo.TransformationServiceDecorator/MODLAUNCHER]: Loaded service fml
[11:10:35] [main/DEBUG] [cp.mo.mo.TransformationServicesHandler/MODLAUNCHER]: Configuring option handling for services
[11:10:35] [main/DEBUG] [cp.mo.mo.TransformationServicesHandler/MODLAUNCHER]: Transformation services initializing
[11:10:35] [main/DEBUG] [cp.mo.mo.TransformationServiceDecorator/MODLAUNCHER]: Initializing transformation service mixin
[11:10:35] [main/DEBUG] [mixin/]: MixinService [ModLauncher] was successfully booted in cpw.mods.cl.ModuleClassLoader@17046283
[11:10:35] [main/INFO] [mixin/]: SpongePowered MIXIN Subsystem Version=0.8.5 Source=union:/C:/Users/Administrator/.gradle/caches/modules-2/files-2.1/org.spongepowered/mixin/0.8.5/9d1c0c3a304ae6697ecd477218fa61b850bf57fc/mixin-0.8.5.jar%23132!/ Service=ModLauncher Env=CLIENT
[11:10:35] [main/DEBUG] [mixin/]: Initialising Mixin Platform Manager
[11:10:35] [main/DEBUG] [mixin/]: Adding mixin platform agents for container ModLauncher Root Container(ModLauncher:4f56a0a2)
[11:10:35] [main/DEBUG] [mixin/]: Instancing new MixinPlatformAgentMinecraftForge for ModLauncher Root Container(ModLauncher:4f56a0a2)
[11:10:35] [main/DEBUG] [mixin/]: MixinPlatformAgentMinecraftForge rejected container ModLauncher Root Container(ModLauncher:4f56a0a2)
[11:10:35] [main/DEBUG] [mixin/]: Instancing new MixinPlatformAgentDefault for ModLauncher Root Container(ModLauncher:4f56a0a2)
[11:10:35] [main/DEBUG] [mixin/]: MixinPlatformAgentDefault accepted container ModLauncher Root Container(ModLauncher:4f56a0a2)
[11:10:35] [main/DEBUG] [cp.mo.mo.TransformationServiceDecorator/MODLAUNCHER]: Initialized transformation service mixin
[11:10:35] [main/DEBUG] [cp.mo.mo.TransformationServiceDecorator/MODLAUNCHER]: Initializing transformation service fml
[11:10:35] [main/DEBUG] [ne.mi.fm.lo.FMLServiceProvider/CORE]: Setting up basic FML game directories
[11:10:35] [main/DEBUG] [ne.mi.fm.lo.FMLPaths/CORE]: Path GAMEDIR is H:\MinecraftMods\DynamicSurroundingsFroge-1.20.1\run
[11:10:35] [main/DEBUG] [ne.mi.fm.lo.FMLPaths/CORE]: Path MODSDIR is H:\MinecraftMods\DynamicSurroundingsFroge-1.20.1\run\mods
[11:10:35] [main/DEBUG] [ne.mi.fm.lo.FMLPaths/CORE]: Path CONFIGDIR is H:\MinecraftMods\DynamicSurroundingsFroge-1.20.1\run\config
[11:10:35] [main/DEBUG] [ne.mi.fm.lo.FMLPaths/CORE]: Path FMLCONFIG is H:\MinecraftMods\DynamicSurroundingsFroge-1.20.1\run\config\fml.toml
[11:10:35] [main/DEBUG] [ne.mi.fm.lo.FMLServiceProvider/CORE]: Loading configuration
[11:10:35] [main/DEBUG] [ne.mi.fm.lo.FMLServiceProvider/CORE]: Preparing ModFile
[11:10:35] [main/DEBUG] [ne.mi.fm.lo.FMLServiceProvider/CORE]: Preparing launch handler
[11:10:35] [main/DEBUG] [ne.mi.fm.lo.FMLLoader/CORE]: Using forgeclientuserdev as launch service
[11:10:35] [main/DEBUG] [ne.mi.fm.lo.FMLLoader/CORE]: Received command line version data  : VersionInfo[forgeVersion=47.1.3, mcVersion=1.20.1, mcpVersion=20230612.114412, forgeGroup=net.minecraftforge]
[11:10:35] [main/DEBUG] [cp.mo.mo.TransformationServiceDecorator/MODLAUNCHER]: Initialized transformation service fml
[11:10:35] [main/DEBUG] [cp.mo.mo.NameMappingServiceHandler/MODLAUNCHER]: Current naming domain is 'mcp'
[11:10:35] [main/DEBUG] [cp.mo.mo.NameMappingServiceHandler/MODLAUNCHER]: Identified name mapping providers {srg=srgtomcp:1234}
[11:10:35] [main/DEBUG] [cp.mo.mo.TransformationServicesHandler/MODLAUNCHER]: Transformation services begin scanning
[11:10:35] [main/DEBUG] [cp.mo.mo.TransformationServiceDecorator/MODLAUNCHER]: Beginning scan trigger - transformation service mixin
[11:10:35] [main/DEBUG] [cp.mo.mo.TransformationServiceDecorator/MODLAUNCHER]: End scan trigger - transformation service mixin
[11:10:35] [main/DEBUG] [cp.mo.mo.TransformationServiceDecorator/MODLAUNCHER]: Beginning scan trigger - transformation service fml
[11:10:35] [main/DEBUG] [ne.mi.fm.lo.FMLServiceProvider/CORE]: Initiating mod scan
[11:10:35] [main/DEBUG] [ne.mi.fm.lo.mo.ModListHandler/CORE]: Found mod coordinates from lists: []
[11:10:35] [main/DEBUG] [ne.mi.fm.lo.mo.ModDiscoverer/CORE]: Found Mod Locators : (mods folder:null),(maven libs:null),(exploded directory:null),(minecraft:null),(userdev classpath:null)
[11:10:35] [main/DEBUG] [ne.mi.fm.lo.mo.ModDiscoverer/CORE]: Found Dependency Locators : (JarInJar:null)
[11:10:35] [main/DEBUG] [ne.mi.fm.lo.ta.CommonLaunchHandler/CORE]: Got mod coordinates dsurround%%H:\MinecraftMods\DynamicSurroundingsFroge-1.20.1\build\resources\main;dsurround%%H:\MinecraftMods\DynamicSurroundingsFroge-1.20.1\build\classes\java\main from env
[11:10:35] [main/DEBUG] [ne.mi.fm.lo.ta.CommonLaunchHandler/CORE]: Found supplied mod coordinates [{dsurround=[H:\MinecraftMods\DynamicSurroundingsFroge-1.20.1\build\resources\main, H:\MinecraftMods\DynamicSurroundingsFroge-1.20.1\build\classes\java\main]}]
[11:10:35] [pool-2-thread-1/INFO] [EARLYDISPLAY/]: GL info: NVIDIA GeForce RTX 4060/PCIe/SSE2 GL version 4.6.0 NVIDIA 572.83, NVIDIA Corporation
[11:10:36] [main/DEBUG] [ne.mi.fm.lo.mo.ModFileInfo/LOADING]: Found valid mod file forge-1.20.1-47.1.3_mapped_official_1.20.1-recomp.jar with {minecraft} mods - versions {1.20.1}
[11:10:36] [main/DEBUG] [ne.mi.fm.lo.mo.ModFileParser/LOADING]: Considering mod file candidate C:\Users\Administrator\.gradle\caches\modules-2\files-2.1\net.minecraftforge\javafmllanguage\1.20.1-47.1.3\9775dc3f284cdb3e0d33b372c328c6ef88e434b0\javafmllanguage-1.20.1-47.1.3.jar
[11:10:36] [main/WARN] [ne.mi.fm.lo.mo.ModFileParser/LOADING]: Mod file C:\Users\Administrator\.gradle\caches\modules-2\files-2.1\net.minecraftforge\javafmllanguage\1.20.1-47.1.3\9775dc3f284cdb3e0d33b372c328c6ef88e434b0\javafmllanguage-1.20.1-47.1.3.jar is missing mods.toml file
[11:10:36] [main/DEBUG] [ne.mi.fm.lo.mo.ModFileParser/LOADING]: Considering mod file candidate C:\Users\Administrator\.gradle\caches\modules-2\files-2.1\net.minecraftforge\lowcodelanguage\1.20.1-47.1.3\d785f4087ec3be094fd5aed801f5366ca958a81b\lowcodelanguage-1.20.1-47.1.3.jar
[11:10:36] [main/WARN] [ne.mi.fm.lo.mo.ModFileParser/LOADING]: Mod file C:\Users\Administrator\.gradle\caches\modules-2\files-2.1\net.minecraftforge\lowcodelanguage\1.20.1-47.1.3\d785f4087ec3be094fd5aed801f5366ca958a81b\lowcodelanguage-1.20.1-47.1.3.jar is missing mods.toml file
[11:10:36] [main/DEBUG] [ne.mi.fm.lo.mo.ModFileParser/LOADING]: Considering mod file candidate C:\Users\Administrator\.gradle\caches\modules-2\files-2.1\net.minecraftforge\mclanguage\1.20.1-47.1.3\be60c45f3578cdf944a669c6ea16fd91bec50f2e\mclanguage-1.20.1-47.1.3.jar
[11:10:36] [main/WARN] [ne.mi.fm.lo.mo.ModFileParser/LOADING]: Mod file C:\Users\Administrator\.gradle\caches\modules-2\files-2.1\net.minecraftforge\mclanguage\1.20.1-47.1.3\be60c45f3578cdf944a669c6ea16fd91bec50f2e\mclanguage-1.20.1-47.1.3.jar is missing mods.toml file
[11:10:36] [main/DEBUG] [ne.mi.fm.lo.mo.ModFileParser/LOADING]: Considering mod file candidate C:\Users\Administrator\.gradle\caches\modules-2\files-2.1\net.minecraftforge\fmlcore\1.20.1-47.1.3\1aadc0201d8e97b107d9978c7fe066bb54bbb9dc\fmlcore-1.20.1-47.1.3.jar
[11:10:36] [main/WARN] [ne.mi.fm.lo.mo.ModFileParser/LOADING]: Mod file C:\Users\Administrator\.gradle\caches\modules-2\files-2.1\net.minecraftforge\fmlcore\1.20.1-47.1.3\1aadc0201d8e97b107d9978c7fe066bb54bbb9dc\fmlcore-1.20.1-47.1.3.jar is missing mods.toml file
[11:10:36] [main/DEBUG] [ne.mi.fm.lo.mo.ModFileParser/LOADING]: Considering mod file candidate H:\MinecraftMods\DynamicSurroundingsFroge-1.20.1\build\resources\main
[11:10:36] [main/DEBUG] [ne.mi.fm.lo.mo.ModFileInfo/LOADING]: Found valid mod file main with {dsurround} mods - versions {0.3.3}
[11:10:36] [main/DEBUG] [ne.mi.fm.lo.mo.ModFileParser/LOADING]: Considering mod file candidate /
[11:10:36] [main/DEBUG] [ne.mi.fm.lo.mo.ModFileInfo/LOADING]: Found valid mod file  with {forge} mods - versions {47.1.3}
[11:10:36] [main/DEBUG] [ne.mi.fm.lo.mo.ModFileParser/LOADING]: Considering mod file candidate C:\Users\Administrator\.gradle\caches\modules-2\files-2.1\io.github.llamalad7\mixinextras-forge\0.3.5\f2663a1104ece46c821fa4f8b50a6c7738b68413\mixinextras-forge-0.3.5.jar
[11:10:36] [main/DEBUG] [ne.mi.fm.lo.mo.ModFileInfo/LOADING]: Found valid mod file mixinextras-forge-0.3.5.jar with {mixinextras} mods - versions {0.3.5}
[11:10:36] [main/DEBUG] [ne.mi.fm.lo.mo.ModFileParser/LOADING]: Considering mod file candidate C:\Users\Administrator\.gradle\caches\modules-2\files-2.1\io.github.llamalad7\mixinextras-forge\0.3.5\f2663a1104ece46c821fa4f8b50a6c7738b68413\mixinextras-forge-0.3.5.jar
[11:10:36] [main/DEBUG] [ne.mi.fm.lo.mo.ModFileInfo/LOADING]: Found valid mod file mixinextras-forge-0.3.5.jar with {mixinextras} mods - versions {0.3.5}
[11:10:36] [main/DEBUG] [ne.mi.fm.lo.UniqueModListBuilder/]: Found 2 mods for first modid mixinextras, selecting most recent based on version data
[11:10:36] [main/DEBUG] [ne.mi.fm.lo.UniqueModListBuilder/]: Selected file mixinextras-forge-0.3.5.jar for modid mixinextras with version 0.3.5
[11:10:36] [main/DEBUG] [ne.mi.fm.lo.mo.AbstractJarFileDependencyLocator/]: Failed to load resource META-INF\jarjar\metadata.json from forge-1.20.1-47.1.3_mapped_official_1.20.1-recomp.jar, it does not contain dependency information.
[11:10:36] [main/DEBUG] [ne.mi.fm.lo.mo.AbstractJarFileDependencyLocator/]: Failed to load resource META-INF\jarjar\metadata.json from , it does not contain dependency information.
[11:10:36] [main/DEBUG] [ne.mi.fm.lo.mo.AbstractJarFileDependencyLocator/]: Failed to load resource META-INF\jarjar\metadata.json from main, it does not contain dependency information.
[11:10:36] [main/DEBUG] [ne.mi.fm.lo.mo.AbstractJarFileDependencyLocator/]: Failed to load resource META-INF\jarjar\metadata.json from mclanguage-1.20.1-47.1.3.jar, it does not contain dependency information.
[11:10:36] [main/DEBUG] [ne.mi.fm.lo.mo.AbstractJarFileDependencyLocator/]: Failed to load resource META-INF\jarjar\metadata.json from javafmllanguage-1.20.1-47.1.3.jar, it does not contain dependency information.
[11:10:36] [main/DEBUG] [ne.mi.fm.lo.mo.AbstractJarFileDependencyLocator/]: Failed to load resource META-INF\jarjar\metadata.json from fmlcore-1.20.1-47.1.3.jar, it does not contain dependency information.
[11:10:36] [main/DEBUG] [ne.mi.fm.lo.mo.AbstractJarFileDependencyLocator/]: Failed to load resource META-INF\jarjar\metadata.json from lowcodelanguage-1.20.1-47.1.3.jar, it does not contain dependency information.
[11:10:37] [main/DEBUG] [ne.mi.fm.lo.mo.AbstractJarFileDependencyLocator/]: Failed to load resource META-INF\jarjar\metadata.json from MixinExtras-0.3.5.jar, it does not contain dependency information.
[11:10:37] [main/INFO] [ne.mi.fm.lo.mo.JarInJarDependencyLocator/]: Found 1 dependencies adding them to mods collection
[11:10:37] [main/DEBUG] [ne.mi.fm.lo.mo.ModFileInfo/LOADING]: Found valid mod file forge-1.20.1-47.1.3_mapped_official_1.20.1-recomp.jar with {minecraft} mods - versions {1.20.1}
[11:10:37] [main/DEBUG] [ne.mi.fm.lo.mo.ModFile/LOADING]: Loading mod file C:\Users\Administrator\.gradle\caches\forge_gradle\minecraft_user_repo\net\minecraftforge\forge\1.20.1-47.1.3_mapped_official_1.20.1\forge-1.20.1-47.1.3_mapped_official_1.20.1-recomp.jar with languages [LanguageSpec[languageName=minecraft, acceptedVersions=1]]
[11:10:37] [main/DEBUG] [ne.mi.fm.lo.mo.ModFileParser/LOADING]: Considering mod file candidate /
[11:10:37] [main/DEBUG] [ne.mi.fm.lo.mo.ModFileInfo/LOADING]: Found valid mod file  with {forge} mods - versions {47.1.3}
[11:10:37] [main/DEBUG] [ne.mi.fm.lo.mo.ModFile/LOADING]: Loading mod file / with languages [LanguageSpec[languageName=javafml, acceptedVersions=[24,]]]
[11:10:37] [main/DEBUG] [ne.mi.fm.lo.mo.ModFileParser/LOADING]: Found coremod field_to_method with Javascript path coremods/field_to_method.js
[11:10:37] [main/DEBUG] [ne.mi.fm.lo.mo.ModFileParser/LOADING]: Found coremod field_to_instanceof with Javascript path coremods/field_to_instanceof.js
[11:10:37] [main/DEBUG] [ne.mi.fm.lo.mo.ModFileParser/LOADING]: Found coremod add_bouncer_method with Javascript path coremods/add_bouncer_method.js
[11:10:37] [main/DEBUG] [ne.mi.fm.lo.mo.ModFileParser/LOADING]: Found coremod method_redirector with Javascript path coremods/method_redirector.js
[11:10:37] [main/DEBUG] [ne.mi.fm.lo.mo.ModFile/LOADING]: Found coremod coremods/field_to_method.js
[11:10:37] [main/DEBUG] [ne.mi.fm.lo.mo.ModFile/LOADING]: Found coremod coremods/field_to_instanceof.js
[11:10:37] [main/DEBUG] [ne.mi.fm.lo.mo.ModFile/LOADING]: Found coremod coremods/add_bouncer_method.js
[11:10:37] [main/DEBUG] [ne.mi.fm.lo.mo.ModFile/LOADING]: Found coremod coremods/method_redirector.js
[11:10:37] [main/DEBUG] [ne.mi.fm.lo.mo.ModFileParser/LOADING]: Considering mod file candidate H:\MinecraftMods\DynamicSurroundingsFroge-1.20.1\build\resources\main
[11:10:37] [main/DEBUG] [ne.mi.fm.lo.mo.ModFileInfo/LOADING]: Found valid mod file main with {dsurround} mods - versions {0.3.3}
[11:10:37] [main/DEBUG] [ne.mi.fm.lo.mo.ModFile/LOADING]: Loading mod file H:\MinecraftMods\DynamicSurroundingsFroge-1.20.1\build\resources\main with languages [LanguageSpec[languageName=javafml, acceptedVersions=[47,)]]
[11:10:37] [main/DEBUG] [ne.mi.fm.lo.mo.ModFile/LOADING]: Loading mod file  with languages []
[11:10:37] [main/DEBUG] [ne.mi.fm.lo.mo.ModFileParser/LOADING]: Considering mod file candidate C:\Users\Administrator\.gradle\caches\modules-2\files-2.1\io.github.llamalad7\mixinextras-forge\0.3.5\f2663a1104ece46c821fa4f8b50a6c7738b68413\mixinextras-forge-0.3.5.jar
[11:10:37] [main/DEBUG] [ne.mi.fm.lo.mo.ModFileInfo/LOADING]: Found valid mod file mixinextras-forge-0.3.5.jar with {mixinextras} mods - versions {0.3.5}
[11:10:37] [main/DEBUG] [ne.mi.fm.lo.mo.ModFile/LOADING]: Loading mod file C:\Users\Administrator\.gradle\caches\modules-2\files-2.1\io.github.llamalad7\mixinextras-forge\0.3.5\f2663a1104ece46c821fa4f8b50a6c7738b68413\mixinextras-forge-0.3.5.jar with languages [LanguageSpec[languageName=javafml, acceptedVersions=*]]
[11:10:37] [main/DEBUG] [cp.mo.mo.TransformationServiceDecorator/MODLAUNCHER]: End scan trigger - transformation service fml
[11:10:37] [main/DEBUG] [ne.mi.fm.lo.LanguageLoadingProvider/CORE]: Found 3 language providers
[11:10:37] [main/DEBUG] [ne.mi.fm.lo.LanguageLoadingProvider/CORE]: Found language provider minecraft, version 1.0
[11:10:37] [main/DEBUG] [ne.mi.fm.lo.LanguageLoadingProvider/CORE]: Found language provider lowcodefml, version 47
[11:10:37] [main/DEBUG] [ne.mi.fm.lo.LanguageLoadingProvider/CORE]: Found language provider javafml, version 47
[11:10:37] [main/DEBUG] [ne.mi.fm.lo.ModSorter/]: Configured system mods: [minecraft, forge]
[11:10:37] [main/DEBUG] [ne.mi.fm.lo.ModSorter/]: Found system mod: minecraft
[11:10:37] [main/DEBUG] [ne.mi.fm.lo.ModSorter/]: Found system mod: forge
[11:10:37] [main/DEBUG] [ne.mi.fm.lo.ModSorter/LOADING]: Found 2 mod requirements (2 mandatory, 0 optional)
[11:10:37] [main/DEBUG] [ne.mi.fm.lo.ModSorter/LOADING]: Found 0 mod requirements missing (0 mandatory, 0 optional)
[11:10:38] [main/DEBUG] [ne.mi.fm.lo.MCPNamingService/CORE]: Loaded 33222 method mappings from methods.csv
[11:10:38] [main/DEBUG] [ne.mi.fm.lo.MCPNamingService/CORE]: Loaded 31003 field mappings from fields.csv
[11:10:38] [main/DEBUG] [cp.mo.mo.TransformationServicesHandler/MODLAUNCHER]: Transformation services loading transformers
[11:10:38] [main/DEBUG] [cp.mo.mo.TransformationServiceDecorator/MODLAUNCHER]: Initializing transformers for transformation service mixin
[11:10:38] [main/DEBUG] [cp.mo.mo.TransformationServiceDecorator/MODLAUNCHER]: Initialized transformers for transformation service mixin
[11:10:38] [main/DEBUG] [cp.mo.mo.TransformationServiceDecorator/MODLAUNCHER]: Initializing transformers for transformation service fml
[11:10:38] [main/DEBUG] [ne.mi.fm.lo.FMLServiceProvider/CORE]: Loading coremod transformers
[11:10:38] [main/DEBUG] [ne.mi.co.CoreModEngine/COREMOD]: Loading CoreMod from coremods/field_to_method.js
[11:10:38] [main/DEBUG] [ne.mi.co.CoreModEngine/COREMOD]: CoreMod loaded successfully
[11:10:38] [main/DEBUG] [ne.mi.co.CoreModEngine/COREMOD]: Loading CoreMod from coremods/field_to_instanceof.js
[11:10:38] [main/DEBUG] [ne.mi.co.CoreModEngine/COREMOD]: CoreMod loaded successfully
[11:10:38] [main/DEBUG] [ne.mi.co.CoreModEngine/COREMOD]: Loading CoreMod from coremods/add_bouncer_method.js
[11:10:38] [main/DEBUG] [ne.mi.co.CoreModEngine/COREMOD]: CoreMod loaded successfully
[11:10:38] [main/DEBUG] [ne.mi.co.CoreModEngine/COREMOD]: Loading CoreMod from coremods/method_redirector.js
[11:10:39] [main/DEBUG] [ne.mi.co.CoreModEngine/COREMOD]: CoreMod loaded successfully
[11:10:39] [main/DEBUG] [cp.mo.mo.TransformStore/MODLAUNCHER]: Adding transformer net.minecraftforge.coremod.transformer.CoreModClassTransformer@49cb1baf to Target : CLASS {Lnet/minecraft/world/level/biome/Biome;} {} {V}
[11:10:39] [main/DEBUG] [cp.mo.mo.TransformStore/MODLAUNCHER]: Adding transformer net.minecraftforge.coremod.transformer.CoreModClassTransformer@1cfc2538 to Target : CLASS {Lnet/minecraft/world/level/levelgen/structure/Structure;} {} {V}
[11:10:39] [main/DEBUG] [cp.mo.mo.TransformStore/MODLAUNCHER]: Adding transformer net.minecraftforge.coremod.transformer.CoreModClassTransformer@66deec87 to Target : CLASS {Lnet/minecraft/world/effect/MobEffectInstance;} {} {V}
[11:10:39] [main/DEBUG] [cp.mo.mo.TransformStore/MODLAUNCHER]: Adding transformer net.minecraftforge.coremod.transformer.CoreModClassTransformer@5d342959 to Target : CLASS {Lnet/minecraft/world/level/block/LiquidBlock;} {} {V}
[11:10:39] [main/DEBUG] [cp.mo.mo.TransformStore/MODLAUNCHER]: Adding transformer net.minecraftforge.coremod.transformer.CoreModClassTransformer@2ecf5915 to Target : CLASS {Lnet/minecraft/world/item/BucketItem;} {} {V}
[11:10:39] [main/DEBUG] [cp.mo.mo.TransformStore/MODLAUNCHER]: Adding transformer net.minecraftforge.coremod.transformer.CoreModClassTransformer@53e76c11 to Target : CLASS {Lnet/minecraft/world/level/block/StairBlock;} {} {V}
[11:10:39] [main/DEBUG] [cp.mo.mo.TransformStore/MODLAUNCHER]: Adding transformer net.minecraftforge.coremod.transformer.CoreModClassTransformer@42cc183e to Target : CLASS {Lnet/minecraft/world/level/block/FlowerPotBlock;} {} {V}
[11:10:39] [main/DEBUG] [cp.mo.mo.TransformStore/MODLAUNCHER]: Adding transformer net.minecraftforge.coremod.transformer.CoreModClassTransformer@3e4e8fdf to Target : CLASS {Lnet/minecraft/world/item/ItemStack;} {} {V}
[11:10:39] [main/DEBUG] [cp.mo.mo.TransformStore/MODLAUNCHER]: Adding transformer net.minecraftforge.coremod.transformer.CoreModClassTransformer@6a1d6ef2 to Target : CLASS {Lnet/minecraft/network/play/client/CClientSettingsPacket;} {} {V}
[11:10:39] [main/DEBUG] [cp.mo.mo.TransformStore/MODLAUNCHER]: Adding transformer net.minecraftforge.coremod.transformer.CoreModClassTransformer@2721044 to Target : CLASS {Lnet/minecraft/world/entity/EntityType;} {} {V}
[11:10:39] [main/DEBUG] [cp.mo.mo.TransformStore/MODLAUNCHER]: Adding transformer net.minecraftforge.coremod.transformer.CoreModClassTransformer@2721044 to Target : CLASS {Lnet/minecraft/world/entity/monster/Zombie;} {} {V}
[11:10:39] [main/DEBUG] [cp.mo.mo.TransformStore/MODLAUNCHER]: Adding transformer net.minecraftforge.coremod.transformer.CoreModClassTransformer@2721044 to Target : CLASS {Lnet/minecraft/world/level/levelgen/PhantomSpawner;} {} {V}
[11:10:39] [main/DEBUG] [cp.mo.mo.TransformStore/MODLAUNCHER]: Adding transformer net.minecraftforge.coremod.transformer.CoreModClassTransformer@2721044 to Target : CLASS {Lnet/minecraft/world/entity/animal/frog/Tadpole;} {} {V}
[11:10:39] [main/DEBUG] [cp.mo.mo.TransformStore/MODLAUNCHER]: Adding transformer net.minecraftforge.coremod.transformer.CoreModClassTransformer@2721044 to Target : CLASS {Lnet/minecraft/world/entity/animal/horse/SkeletonTrapGoal;} {} {V}
[11:10:39] [main/DEBUG] [cp.mo.mo.TransformStore/MODLAUNCHER]: Adding transformer net.minecraftforge.coremod.transformer.CoreModClassTransformer@2721044 to Target : CLASS {Lnet/minecraft/world/entity/ai/village/VillageSiege;} {} {V}
[11:10:39] [main/DEBUG] [cp.mo.mo.TransformStore/MODLAUNCHER]: Adding transformer net.minecraftforge.coremod.transformer.CoreModClassTransformer@2721044 to Target : CLASS {Lnet/minecraft/world/entity/monster/Spider;} {} {V}
[11:10:39] [main/DEBUG] [cp.mo.mo.TransformStore/MODLAUNCHER]: Adding transformer net.minecraftforge.coremod.transformer.CoreModClassTransformer@2721044 to Target : CLASS {Lnet/minecraft/world/entity/raid/Raid;} {} {V}
[11:10:39] [main/DEBUG] [cp.mo.mo.TransformStore/MODLAUNCHER]: Adding transformer net.minecraftforge.coremod.transformer.CoreModClassTransformer@2721044 to Target : CLASS {Lnet/minecraft/world/level/levelgen/structure/structures/SwampHutPiece;} {} {V}
[11:10:39] [main/DEBUG] [cp.mo.mo.TransformStore/MODLAUNCHER]: Adding transformer net.minecraftforge.coremod.transformer.CoreModClassTransformer@2721044 to Target : CLASS {Lnet/minecraft/server/commands/SummonCommand;} {} {V}
[11:10:39] [main/DEBUG] [cp.mo.mo.TransformStore/MODLAUNCHER]: Adding transformer net.minecraftforge.coremod.transformer.CoreModClassTransformer@2721044 to Target : CLASS {Lnet/minecraft/server/commands/RaidCommand;} {} {V}
[11:10:39] [main/DEBUG] [cp.mo.mo.TransformStore/MODLAUNCHER]: Adding transformer net.minecraftforge.coremod.transformer.CoreModClassTransformer@2721044 to Target : CLASS {Lnet/minecraft/world/level/levelgen/PatrolSpawner;} {} {V}
[11:10:39] [main/DEBUG] [cp.mo.mo.TransformStore/MODLAUNCHER]: Adding transformer net.minecraftforge.coremod.transformer.CoreModClassTransformer@2721044 to Target : CLASS {Lnet/minecraft/world/entity/monster/ZombieVillager;} {} {V}
[11:10:39] [main/DEBUG] [cp.mo.mo.TransformStore/MODLAUNCHER]: Adding transformer net.minecraftforge.coremod.transformer.CoreModClassTransformer@2721044 to Target : CLASS {Lnet/minecraft/world/level/levelgen/structure/structures/WoodlandMansionPieces$WoodlandMansionPiece;} {} {V}
[11:10:39] [main/DEBUG] [cp.mo.mo.TransformStore/MODLAUNCHER]: Adding transformer net.minecraftforge.coremod.transformer.CoreModClassTransformer@2721044 to Target : CLASS {Lnet/minecraft/world/entity/npc/CatSpawner;} {} {V}
[11:10:39] [main/DEBUG] [cp.mo.mo.TransformStore/MODLAUNCHER]: Adding transformer net.minecraftforge.coremod.transformer.CoreModClassTransformer@2721044 to Target : CLASS {Lnet/minecraft/world/level/levelgen/structure/structures/OceanRuinPieces$OceanRuinPiece;} {} {V}
[11:10:39] [main/DEBUG] [cp.mo.mo.TransformStore/MODLAUNCHER]: Adding transformer net.minecraftforge.coremod.transformer.CoreModClassTransformer@2721044 to Target : CLASS {Lnet/minecraft/world/level/levelgen/structure/structures/OceanMonumentPieces$OceanMonumentPiece;} {} {V}
[11:10:39] [main/DEBUG] [cp.mo.mo.TransformStore/MODLAUNCHER]: Adding transformer net.minecraftforge.coremod.transformer.CoreModClassTransformer@2721044 to Target : CLASS {Lnet/minecraft/world/level/NaturalSpawner;} {} {V}
[11:10:39] [main/DEBUG] [cp.mo.mo.TransformStore/MODLAUNCHER]: Adding transformer net.minecraftforge.coremod.transformer.CoreModClassTransformer@2721044 to Target : CLASS {Lnet/minecraft/world/entity/npc/Villager;} {} {V}
[11:10:39] [main/DEBUG] [cp.mo.mo.TransformStore/MODLAUNCHER]: Adding transformer net.minecraftforge.coremod.transformer.CoreModClassTransformer@2721044 to Target : CLASS {Lnet/minecraft/world/level/levelgen/structure/templatesystem/StructureTemplate;} {} {V}
[11:10:39] [main/DEBUG] [cp.mo.mo.TransformStore/MODLAUNCHER]: Adding transformer net.minecraftforge.coremod.transformer.CoreModClassTransformer@2721044 to Target : CLASS {Lnet/minecraft/world/entity/monster/Evoker$EvokerSummonSpellGoal;} {} {V}
[11:10:39] [main/DEBUG] [cp.mo.mo.TransformStore/MODLAUNCHER]: Adding transformer net.minecraftforge.coremod.transformer.CoreModClassTransformer@2721044 to Target : CLASS {Lnet/minecraft/world/entity/monster/Strider;} {} {V}
[11:10:39] [main/DEBUG] [cp.mo.mo.TransformationServiceDecorator/MODLAUNCHER]: Initialized transformers for transformation service fml
[11:10:39] [main/DEBUG] [mixin/]: Processing prepare() for PlatformAgent[MixinPlatformAgentDefault:ModLauncher Root Container(ModLauncher:4f56a0a2)]
[11:10:39] [main/DEBUG] [mixin/]: Registering mixin config: dsurround.mixins.json
[11:10:39] [main/DEBUG] [mixin/]: Compatibility level JAVA_17 specified by dsurround.mixins.json is higher than the maximum level supported by this version of mixin (JAVA_13).
[11:10:39] [main/INFO] [mixin/]: Compatibility level set to JAVA_17
[11:10:39] [main/DEBUG] [mixin/]: Processing launch tasks for PlatformAgent[MixinPlatformAgentDefault:ModLauncher Root Container(ModLauncher:4f56a0a2)]
[11:10:39] [main/DEBUG] [mixin/]: Adding mixin platform agents for container SecureJarResource(minecraft)
[11:10:39] [main/DEBUG] [mixin/]: Instancing new MixinPlatformAgentMinecraftForge for SecureJarResource(minecraft)
[11:10:39] [main/DEBUG] [mixin/]: MixinPlatformAgentMinecraftForge rejected container SecureJarResource(minecraft)
[11:10:39] [main/DEBUG] [mixin/]: Instancing new MixinPlatformAgentDefault for SecureJarResource(minecraft)
[11:10:39] [main/DEBUG] [mixin/]: MixinPlatformAgentDefault accepted container SecureJarResource(minecraft)
[11:10:39] [main/DEBUG] [mixin/]: Processing prepare() for PlatformAgent[MixinPlatformAgentDefault:SecureJarResource(minecraft)]
[11:10:39] [main/DEBUG] [mixin/]: Adding mixin platform agents for container SecureJarResource(forge)
[11:10:39] [main/DEBUG] [mixin/]: Instancing new MixinPlatformAgentMinecraftForge for SecureJarResource(forge)
[11:10:39] [main/DEBUG] [mixin/]: MixinPlatformAgentMinecraftForge rejected container SecureJarResource(forge)
[11:10:39] [main/DEBUG] [mixin/]: Instancing new MixinPlatformAgentDefault for SecureJarResource(forge)
[11:10:39] [main/DEBUG] [mixin/]: MixinPlatformAgentDefault accepted container SecureJarResource(forge)
[11:10:39] [main/DEBUG] [mixin/]: Processing prepare() for PlatformAgent[MixinPlatformAgentDefault:SecureJarResource(forge)]
[11:10:39] [main/DEBUG] [mixin/]: Adding mixin platform agents for container SecureJarResource(dsurround)
[11:10:39] [main/DEBUG] [mixin/]: Instancing new MixinPlatformAgentMinecraftForge for SecureJarResource(dsurround)
[11:10:39] [main/DEBUG] [mixin/]: MixinPlatformAgentMinecraftForge rejected container SecureJarResource(dsurround)
[11:10:39] [main/DEBUG] [mixin/]: Instancing new MixinPlatformAgentDefault for SecureJarResource(dsurround)
[11:10:39] [main/DEBUG] [mixin/]: MixinPlatformAgentDefault accepted container SecureJarResource(dsurround)
[11:10:39] [main/DEBUG] [mixin/]: Processing prepare() for PlatformAgent[MixinPlatformAgentDefault:SecureJarResource(dsurround)]
[11:10:39] [main/DEBUG] [mixin/]: Adding mixin platform agents for container SecureJarResource(MixinExtras)
[11:10:39] [main/DEBUG] [mixin/]: Instancing new MixinPlatformAgentMinecraftForge for SecureJarResource(MixinExtras)
[11:10:39] [main/DEBUG] [mixin/]: MixinPlatformAgentMinecraftForge rejected container SecureJarResource(MixinExtras)
[11:10:39] [main/DEBUG] [mixin/]: Instancing new MixinPlatformAgentDefault for SecureJarResource(MixinExtras)
[11:10:39] [main/DEBUG] [mixin/]: MixinPlatformAgentDefault accepted container SecureJarResource(MixinExtras)
[11:10:39] [main/DEBUG] [mixin/]: Processing prepare() for PlatformAgent[MixinPlatformAgentDefault:SecureJarResource(MixinExtras)]
[11:10:39] [main/DEBUG] [mixin/]: Adding mixin platform agents for container SecureJarResource(mixinextras)
[11:10:39] [main/DEBUG] [mixin/]: Instancing new MixinPlatformAgentMinecraftForge for SecureJarResource(mixinextras)
[11:10:39] [main/DEBUG] [mixin/]: MixinPlatformAgentMinecraftForge rejected container SecureJarResource(mixinextras)
[11:10:39] [main/DEBUG] [mixin/]: Instancing new MixinPlatformAgentDefault for SecureJarResource(mixinextras)
[11:10:39] [main/DEBUG] [mixin/]: MixinPlatformAgentDefault accepted container SecureJarResource(mixinextras)
[11:10:39] [main/DEBUG] [mixin/]: Processing prepare() for PlatformAgent[MixinPlatformAgentDefault:SecureJarResource(mixinextras)]
[11:10:39] [main/DEBUG] [mixin/]: Registering mixin config: mixinextras.init.mixins.json
[11:10:40] [main/DEBUG] [mixin/]: inject() running with 6 agents
[11:10:40] [main/DEBUG] [mixin/]: Processing inject() for PlatformAgent[MixinPlatformAgentDefault:ModLauncher Root Container(ModLauncher:4f56a0a2)]
[11:10:40] [main/DEBUG] [mixin/]: Processing inject() for PlatformAgent[MixinPlatformAgentDefault:SecureJarResource(minecraft)]
[11:10:40] [main/DEBUG] [mixin/]: Processing inject() for PlatformAgent[MixinPlatformAgentDefault:SecureJarResource(forge)]
[11:10:40] [main/DEBUG] [mixin/]: Processing inject() for PlatformAgent[MixinPlatformAgentDefault:SecureJarResource(dsurround)]
[11:10:40] [main/DEBUG] [mixin/]: Processing inject() for PlatformAgent[MixinPlatformAgentDefault:SecureJarResource(MixinExtras)]
[11:10:40] [main/DEBUG] [mixin/]: Processing inject() for PlatformAgent[MixinPlatformAgentDefault:SecureJarResource(mixinextras)]
[11:10:40] [main/INFO] [cp.mo.mo.LaunchServiceHandler/MODLAUNCHER]: Launching target 'forgeclientuserdev' with arguments [--version, MOD_DEV, --gameDir, ., --assetsDir, C:\Users\Administrator\.gradle\caches\forge_gradle\assets, --assetIndex, 5]
[11:10:40] [main/DEBUG] [mixin/]: Error cleaning class output directory: .mixin.out
[11:10:40] [main/DEBUG] [mixin/]: Preparing mixins for MixinEnvironment[DEFAULT]
[11:10:40] [main/DEBUG] [mixin/]: Selecting config dsurround.mixins.json
[11:10:40] [main/WARN] [mixin/]: Reference map 'dsurround.refmap.json' for dsurround.mixins.json could not be read. If this is a development environment you can ignore this message
[11:10:40] [main/DEBUG] [mixin/]: Selecting config mixinextras.init.mixins.json
[11:10:40] [main/DEBUG] [MixinExtras|Service/]: com.llamalad7.mixinextras.service.MixinExtrasServiceImpl(version=0.3.5) is taking over from null
[11:10:40] [main/DEBUG] [mixin/]: Registering new injector for @Inject with org.spongepowered.asm.mixin.injection.struct.CallbackInjectionInfo
[11:10:40] [main/DEBUG] [mixin/]: Registering new injector for @ModifyArg with org.spongepowered.asm.mixin.injection.struct.ModifyArgInjectionInfo
[11:10:40] [main/DEBUG] [mixin/]: Registering new injector for @ModifyArgs with org.spongepowered.asm.mixin.injection.struct.ModifyArgsInjectionInfo
[11:10:40] [main/DEBUG] [mixin/]: Registering new injector for @Redirect with org.spongepowered.asm.mixin.injection.struct.RedirectInjectionInfo
[11:10:40] [main/DEBUG] [mixin/]: Registering new injector for @ModifyVariable with org.spongepowered.asm.mixin.injection.struct.ModifyVariableInjectionInfo
[11:10:40] [main/DEBUG] [mixin/]: Registering new injector for @ModifyConstant with org.spongepowered.asm.mixin.injection.struct.ModifyConstantInjectionInfo
[11:10:40] [main/DEBUG] [mixin/]: Preparing dsurround.mixins.json (28)
[11:10:40] [main/DEBUG] [ne.mi.co.tr.CoreModBaseTransformer/COREMOD]: Transforming net/minecraft/world/level/biome/Biome
[11:10:40] [main/DEBUG] [mixin/]: Preparing mixinextras.init.mixins.json (0)
[11:10:40] [main/DEBUG] [mixin/]: Prepared 28 mixins in 0.719 sec (25.7ms avg) (0ms load, 0ms transform, 0ms plugin)
[11:10:41] [main/INFO] [MixinExtras|Service/]: Initializing MixinExtras via com.llamalad7.mixinextras.service.MixinExtrasServiceImpl(version=0.3.5).
[11:10:41] [main/DEBUG] [mixin/]: Registering new injector for @SugarWrapper with com.llamalad7.mixinextras.sugar.impl.SugarWrapperInjectionInfo
[11:10:41] [main/DEBUG] [mixin/]: Registering new injector for @FactoryRedirectWrapper with com.llamalad7.mixinextras.wrapper.factory.FactoryRedirectWrapperInjectionInfo
[11:10:41] [main/DEBUG] [mixin/]: Mixing events.MixinMinecraftClient from dsurround.mixins.json into net.minecraft.client.Minecraft
[11:10:42] [main/DEBUG] [io.ne.ut.in.lo.InternalLoggerFactory/]: Using SLF4J as the default logging framework
[11:10:42] [main/DEBUG] [io.ne.ut.ResourceLeakDetector/]: -Dio.netty.leakDetection.level: simple
[11:10:42] [main/DEBUG] [io.ne.ut.ResourceLeakDetector/]: -Dio.netty.leakDetection.targetRecords: 4
[11:10:42] [main/DEBUG] [os.ut.FileUtil/]: No oshi.properties file found from ClassLoader cpw.mods.modlauncher.TransformingClassLoader@74d6736
[11:10:42] [main/DEBUG] [os.ut.FileUtil/]: No oshi.architecture.properties file found from ClassLoader cpw.mods.modlauncher.TransformingClassLoader@74d6736
[11:10:42] [pool-4-thread-1/DEBUG] [mixin/]: Mixing audio.MixinSoundEvent from dsurround.mixins.json into net.minecraft.sounds.SoundEvent
[11:10:43] [pool-4-thread-1/DEBUG] [mixin/]: Mixing core.MixinBlockState from dsurround.mixins.json into net.minecraft.world.level.block.state.BlockState
[11:10:43] [pool-4-thread-1/DEBUG] [mixin/]: Mixing core.MixinEntity from dsurround.mixins.json into net.minecraft.world.entity.Entity
[11:10:43] [pool-4-thread-1/DEBUG] [mixin/]: Mixing core.MixinLivingEntity from dsurround.mixins.json into net.minecraft.world.entity.LivingEntity
[11:10:43] [pool-4-thread-1/DEBUG] [mixin/]: Mixing core.MixinWorld from dsurround.mixins.json into net.minecraft.world.level.Level
[11:10:43] [pool-4-thread-1/DEBUG] [ne.mi.co.tr.CoreModBaseTransformer/COREMOD]: Transforming net/minecraft/world/entity/EntityType
[11:10:44] [pool-4-thread-1/DEBUG] [ne.mi.co.tr.CoreModBaseTransformer/COREMOD]: Transforming net/minecraft/world/level/block/LiquidBlock
[11:10:44] [pool-4-thread-1/DEBUG] [ne.mi.co.tr.CoreModBaseTransformer/COREMOD]: Transforming net/minecraft/world/level/block/StairBlock
[11:10:44] [pool-4-thread-1/DEBUG] [ne.mi.co.tr.CoreModBaseTransformer/COREMOD]: Transforming net/minecraft/world/level/block/FlowerPotBlock
[11:10:45] [pool-4-thread-1/DEBUG] [mixin/]: Mixing core.MixinEntityArrow from dsurround.mixins.json into net.minecraft.world.entity.projectile.AbstractArrow
[11:10:45] [pool-4-thread-1/DEBUG] [ne.mi.co.tr.CoreModBaseTransformer/COREMOD]: Transforming net/minecraft/world/item/ItemStack
[11:10:46] [pool-4-thread-1/DEBUG] [ne.mi.co.tr.CoreModBaseTransformer/COREMOD]: Transforming net/minecraft/world/entity/animal/frog/Tadpole
[11:10:46] [pool-4-thread-1/DEBUG] [ne.mi.co.tr.CoreModBaseTransformer/COREMOD]: Transforming net/minecraft/world/item/BucketItem
[11:10:47] [pool-4-thread-1/DEBUG] [ne.mi.co.tr.CoreModBaseTransformer/COREMOD]: Transforming net/minecraft/world/entity/monster/Spider
[11:10:48] [Datafixer Bootstrap/INFO] [mojang/DataFixerBuilder]: 188 Datafixer optimizations took 262 milliseconds
[11:10:48] [pool-4-thread-1/DEBUG] [ne.mi.co.tr.CoreModBaseTransformer/COREMOD]: Transforming net/minecraft/world/entity/monster/Zombie
[11:10:48] [pool-4-thread-1/DEBUG] [ne.mi.co.tr.CoreModBaseTransformer/COREMOD]: Transforming net/minecraft/world/entity/monster/ZombieVillager
[11:10:48] [pool-4-thread-1/DEBUG] [ne.mi.co.tr.CoreModBaseTransformer/COREMOD]: Transforming net/minecraft/world/entity/monster/Evoker$EvokerSummonSpellGoal
[11:10:48] [pool-4-thread-1/DEBUG] [ne.mi.co.tr.CoreModBaseTransformer/COREMOD]: Transforming net/minecraft/world/entity/animal/horse/SkeletonTrapGoal
[11:10:48] [pool-4-thread-1/DEBUG] [ne.mi.co.tr.CoreModBaseTransformer/COREMOD]: Transforming net/minecraft/world/entity/monster/Strider
[11:10:48] [pool-4-thread-1/DEBUG] [ne.mi.co.tr.CoreModBaseTransformer/COREMOD]: Transforming net/minecraft/world/entity/npc/Villager
[11:10:49] [pool-4-thread-1/DEBUG] [ne.mi.co.tr.CoreModBaseTransformer/COREMOD]: Transforming net/minecraft/world/effect/MobEffectInstance
[11:10:49] [pool-4-thread-1/DEBUG] [ne.mi.co.tr.CoreModBaseTransformer/COREMOD]: Transforming net/minecraft/world/level/levelgen/structure/Structure
[11:10:49] [pool-4-thread-1/DEBUG] [ne.mi.co.tr.CoreModBaseTransformer/COREMOD]: Transforming net/minecraft/world/level/levelgen/structure/structures/OceanRuinPieces$OceanRuinPiece
[11:10:49] [pool-4-thread-1/DEBUG] [ne.mi.co.tr.CoreModBaseTransformer/COREMOD]: Transforming net/minecraft/world/level/levelgen/structure/structures/SwampHutPiece
[11:10:49] [pool-4-thread-1/DEBUG] [ne.mi.co.tr.CoreModBaseTransformer/COREMOD]: Transforming net/minecraft/world/level/levelgen/structure/structures/OceanMonumentPieces$OceanMonumentPiece
[11:10:49] [pool-4-thread-1/DEBUG] [ne.mi.co.tr.CoreModBaseTransformer/COREMOD]: Transforming net/minecraft/world/level/levelgen/structure/structures/WoodlandMansionPieces$WoodlandMansionPiece
[11:10:50] [pool-4-thread-1/DEBUG] [ne.mi.co.tr.CoreModBaseTransformer/COREMOD]: Transforming net/minecraft/world/level/biome/Biome
[11:10:50] [pool-4-thread-1/DEBUG] [mixin/]: Mixing core.MixinBiome from dsurround.mixins.json into net.minecraft.world.level.biome.Biome
[11:10:50] [pool-4-thread-1/DEBUG] [ne.mi.re.GameData/REGISTRIES]: Creating vanilla freeze snapshot
[11:10:50] [pool-4-thread-1/DEBUG] [ne.mi.re.ForgeRegistry/REGISTRIES]: Registry minecraft:block Sync: VANILLA -> ACTIVE
[11:10:50] [pool-4-thread-1/DEBUG] [ne.mi.re.ForgeRegistry/REGISTRIES]: Registry minecraft:fluid Sync: VANILLA -> ACTIVE
[11:10:50] [pool-4-thread-1/DEBUG] [ne.mi.re.ForgeRegistry/REGISTRIES]: Registry minecraft:item Sync: VANILLA -> ACTIVE
[11:10:50] [pool-4-thread-1/DEBUG] [ne.mi.re.ForgeRegistry/REGISTRIES]: Registry minecraft:mob_effect Sync: VANILLA -> ACTIVE
[11:10:50] [pool-4-thread-1/DEBUG] [ne.mi.re.ForgeRegistry/REGISTRIES]: Registry minecraft:sound_event Sync: VANILLA -> ACTIVE
[11:10:50] [pool-4-thread-1/DEBUG] [ne.mi.re.ForgeRegistry/REGISTRIES]: Registry minecraft:potion Sync: VANILLA -> ACTIVE
[11:10:50] [pool-4-thread-1/DEBUG] [ne.mi.re.ForgeRegistry/REGISTRIES]: Registry minecraft:enchantment Sync: VANILLA -> ACTIVE
[11:10:50] [pool-4-thread-1/DEBUG] [ne.mi.re.ForgeRegistry/REGISTRIES]: Registry minecraft:entity_type Sync: VANILLA -> ACTIVE
[11:10:50] [pool-4-thread-1/DEBUG] [ne.mi.re.ForgeRegistry/REGISTRIES]: Registry minecraft:block_entity_type Sync: VANILLA -> ACTIVE
[11:10:50] [pool-4-thread-1/DEBUG] [ne.mi.re.ForgeRegistry/REGISTRIES]: Registry minecraft:particle_type Sync: VANILLA -> ACTIVE
[11:10:50] [pool-4-thread-1/DEBUG] [ne.mi.re.ForgeRegistry/REGISTRIES]: Registry minecraft:menu Sync: VANILLA -> ACTIVE
[11:10:50] [pool-4-thread-1/DEBUG] [ne.mi.re.ForgeRegistry/REGISTRIES]: Registry minecraft:painting_variant Sync: VANILLA -> ACTIVE
[11:10:50] [pool-4-thread-1/DEBUG] [ne.mi.re.ForgeRegistry/REGISTRIES]: Registry minecraft:recipe_type Sync: VANILLA -> ACTIVE
[11:10:50] [pool-4-thread-1/DEBUG] [ne.mi.re.ForgeRegistry/REGISTRIES]: Registry minecraft:recipe_serializer Sync: VANILLA -> ACTIVE
[11:10:50] [pool-4-thread-1/DEBUG] [ne.mi.re.ForgeRegistry/REGISTRIES]: Registry minecraft:attribute Sync: VANILLA -> ACTIVE
[11:10:50] [pool-4-thread-1/DEBUG] [ne.mi.re.ForgeRegistry/REGISTRIES]: Registry minecraft:stat_type Sync: VANILLA -> ACTIVE
[11:10:50] [pool-4-thread-1/DEBUG] [ne.mi.re.ForgeRegistry/REGISTRIES]: Registry minecraft:command_argument_type Sync: VANILLA -> ACTIVE
[11:10:50] [pool-4-thread-1/DEBUG] [ne.mi.re.ForgeRegistry/REGISTRIES]: Registry minecraft:villager_profession Sync: VANILLA -> ACTIVE
[11:10:50] [pool-4-thread-1/DEBUG] [ne.mi.re.ForgeRegistry/REGISTRIES]: Registry minecraft:point_of_interest_type Sync: VANILLA -> ACTIVE
[11:10:50] [pool-4-thread-1/DEBUG] [ne.mi.re.ForgeRegistry/REGISTRIES]: Registry minecraft:memory_module_type Sync: VANILLA -> ACTIVE
[11:10:50] [pool-4-thread-1/DEBUG] [ne.mi.re.ForgeRegistry/REGISTRIES]: Registry minecraft:sensor_type Sync: VANILLA -> ACTIVE
[11:10:50] [pool-4-thread-1/DEBUG] [ne.mi.re.ForgeRegistry/REGISTRIES]: Registry minecraft:schedule Sync: VANILLA -> ACTIVE
[11:10:50] [pool-4-thread-1/DEBUG] [ne.mi.re.ForgeRegistry/REGISTRIES]: Registry minecraft:activity Sync: VANILLA -> ACTIVE
[11:10:50] [pool-4-thread-1/DEBUG] [ne.mi.re.ForgeRegistry/REGISTRIES]: Registry minecraft:worldgen/carver Sync: VANILLA -> ACTIVE
[11:10:50] [pool-4-thread-1/DEBUG] [ne.mi.re.ForgeRegistry/REGISTRIES]: Registry minecraft:worldgen/feature Sync: VANILLA -> ACTIVE
[11:10:50] [pool-4-thread-1/DEBUG] [ne.mi.re.ForgeRegistry/REGISTRIES]: Registry minecraft:chunk_status Sync: VANILLA -> ACTIVE
[11:10:50] [pool-4-thread-1/DEBUG] [ne.mi.re.ForgeRegistry/REGISTRIES]: Registry minecraft:worldgen/block_state_provider_type Sync: VANILLA -> ACTIVE
[11:10:50] [pool-4-thread-1/DEBUG] [ne.mi.re.ForgeRegistry/REGISTRIES]: Registry minecraft:worldgen/foliage_placer_type Sync: VANILLA -> ACTIVE
[11:10:50] [pool-4-thread-1/DEBUG] [ne.mi.re.ForgeRegistry/REGISTRIES]: Registry minecraft:worldgen/tree_decorator_type Sync: VANILLA -> ACTIVE
[11:10:50] [pool-4-thread-1/DEBUG] [ne.mi.re.ForgeRegistry/REGISTRIES]: Registry minecraft:worldgen/biome Sync: VANILLA -> ACTIVE
[11:10:50] [pool-4-thread-1/DEBUG] [ne.mi.re.GameData/REGISTRIES]: Vanilla freeze snapshot created
[11:10:50] [Render thread/DEBUG] [mixin/]: Mixing core.MixinIngameHud from dsurround.mixins.json into net.minecraft.client.gui.Gui
[11:10:50] [Render thread/DEBUG] [mixin/]: Mixing core.MixinClientWorld from dsurround.mixins.json into net.minecraft.client.multiplayer.ClientLevel
[11:10:51] [Render thread/DEBUG] [mixin/]: Mixing core.MixinLocalPlayerFootsteps from dsurround.mixins.json into net.minecraft.client.player.LocalPlayer
[11:10:51] [Render thread/WARN] [minecraft/VanillaPackResourcesBuilder]: Assets URL 'union:/C:/Users/Administrator/.gradle/caches/forge_gradle/minecraft_user_repo/net/minecraftforge/forge/1.20.1-47.1.3_mapped_official_1.20.1/forge-1.20.1-47.1.3_mapped_official_1.20.1-recomp.jar%23191!/assets/.mcassetsroot' uses unexpected schema
[11:10:51] [Render thread/WARN] [minecraft/VanillaPackResourcesBuilder]: Assets URL 'union:/C:/Users/Administrator/.gradle/caches/forge_gradle/minecraft_user_repo/net/minecraftforge/forge/1.20.1-47.1.3_mapped_official_1.20.1/forge-1.20.1-47.1.3_mapped_official_1.20.1-recomp.jar%23191!/data/.mcassetsroot' uses unexpected schema
[11:10:51] [Render thread/INFO] [mojang/YggdrasilAuthenticationService]: Environment: authHost='https://authserver.mojang.com', accountsHost='https://api.mojang.com', sessionHost='https://sessionserver.mojang.com', servicesHost='https://api.minecraftservices.com', name='PROD'
[11:10:51] [Render thread/INFO] [minecraft/Minecraft]: Setting user: Dev
[11:10:51] [Render thread/DEBUG] [mixin/]: Mixing core.MixinAbstractWidgetAccessor from dsurround.mixins.json into net.minecraft.client.gui.components.AbstractWidget
[11:10:51] [Render thread/INFO] [minecraft/Minecraft]: Backend library: LWJGL version 3.3.1 build 7
[11:10:51] [Render thread/DEBUG] [ne.mi.co.ForgeI18n/CORE]: Loading I18N data entries: 6426
[11:10:51] [Yggdrasil Key Fetcher/ERROR] [mojang/YggdrasilServicesKeyInfo]: Failed to request yggdrasil public key
com.mojang.authlib.exceptions.AuthenticationUnavailableException: Cannot contact authentication server
	at com.mojang.authlib.yggdrasil.YggdrasilAuthenticationService.makeRequest(YggdrasilAuthenticationService.java:119) ~[authlib-4.0.43.jar%23106!/:?] {}
	at com.mojang.authlib.yggdrasil.YggdrasilAuthenticationService.makeRequest(YggdrasilAuthenticationService.java:91) ~[authlib-4.0.43.jar%23106!/:?] {}
	at com.mojang.authlib.yggdrasil.YggdrasilServicesKeyInfo.fetch(YggdrasilServicesKeyInfo.java:94) ~[authlib-4.0.43.jar%23106!/:?] {}
	at com.mojang.authlib.yggdrasil.YggdrasilServicesKeyInfo.lambda$get$1(YggdrasilServicesKeyInfo.java:81) ~[authlib-4.0.43.jar%23106!/:?] {}
	at java.util.concurrent.Executors$RunnableAdapter.call(Executors.java:539) ~[?:?] {}
	at java.util.concurrent.FutureTask.runAndReset(FutureTask.java:305) ~[?:?] {}
	at java.util.concurrent.ScheduledThreadPoolExecutor$ScheduledFutureTask.run(ScheduledThreadPoolExecutor.java:305) ~[?:?] {}
	at java.util.concurrent.ThreadPoolExecutor.runWorker(ThreadPoolExecutor.java:1136) ~[?:?] {}
	at java.util.concurrent.ThreadPoolExecutor$Worker.run(ThreadPoolExecutor.java:635) ~[?:?] {}
	at java.lang.Thread.run(Thread.java:840) ~[?:?] {}
Caused by: java.net.SocketException: Connection reset
	at sun.nio.ch.NioSocketImpl.implRead(NioSocketImpl.java:328) ~[?:?] {}
	at sun.nio.ch.NioSocketImpl.read(NioSocketImpl.java:355) ~[?:?] {}
	at sun.nio.ch.NioSocketImpl$1.read(NioSocketImpl.java:808) ~[?:?] {}
	at java.net.Socket$SocketInputStream.read(Socket.java:966) ~[?:?] {}
	at sun.security.ssl.SSLSocketInputRecord.read(SSLSocketInputRecord.java:484) ~[?:?] {}
	at sun.security.ssl.SSLSocketInputRecord.readHeader(SSLSocketInputRecord.java:478) ~[?:?] {}
	at sun.security.ssl.SSLSocketInputRecord.decode(SSLSocketInputRecord.java:160) ~[?:?] {}
	at sun.security.ssl.SSLTransport.decode(SSLTransport.java:111) ~[?:?] {}
	at sun.security.ssl.SSLSocketImpl.decode(SSLSocketImpl.java:1510) ~[?:?] {}
	at sun.security.ssl.SSLSocketImpl.readHandshakeRecord(SSLSocketImpl.java:1425) ~[?:?] {}
	at sun.security.ssl.SSLSocketImpl.startHandshake(SSLSocketImpl.java:455) ~[?:?] {}
	at sun.security.ssl.SSLSocketImpl.startHandshake(SSLSocketImpl.java:426) ~[?:?] {}
	at sun.net.www.protocol.https.HttpsClient.afterConnect(HttpsClient.java:589) ~[?:?] {}
	at sun.net.www.protocol.https.AbstractDelegateHttpsURLConnection.connect(AbstractDelegateHttpsURLConnection.java:187) ~[?:?] {}
	at sun.net.www.protocol.http.HttpURLConnection.getInputStream0(HttpURLConnection.java:1717) ~[?:?] {}
	at sun.net.www.protocol.http.HttpURLConnection.getInputStream(HttpURLConnection.java:1641) ~[?:?] {}
	at sun.net.www.protocol.https.HttpsURLConnectionImpl.getInputStream(HttpsURLConnectionImpl.java:224) ~[?:?] {}
	at com.mojang.authlib.HttpAuthenticationService.performGetRequest(HttpAuthenticationService.java:140) ~[authlib-4.0.43.jar%23106!/:?] {}
	at com.mojang.authlib.yggdrasil.YggdrasilAuthenticationService.makeRequest(YggdrasilAuthenticationService.java:96) ~[authlib-4.0.43.jar%23106!/:?] {}
	... 9 more
[11:10:51] [Render thread/DEBUG] [ne.mi.fm.ModWorkManager/LOADING]: Using 24 threads for parallel mod-loading
[11:10:51] [Render thread/DEBUG] [ne.mi.fm.ja.FMLJavaModLanguageProvider/LOADING]: Loading FMLModContainer from classloader cpw.mods.modlauncher.TransformingClassLoader@74d6736 - got cpw.mods.cl.ModuleClassLoader@1dbb650b
[11:10:51] [Render thread/DEBUG] [ne.mi.fm.ja.FMLModContainer/LOADING]: Creating FMLModContainer instance for com.llamalad7.mixinextras.platform.forge.MixinExtrasMod
[11:10:51] [Render thread/DEBUG] [ne.mi.fm.ja.FMLJavaModLanguageProvider/LOADING]: Loading FMLModContainer from classloader cpw.mods.modlauncher.TransformingClassLoader@74d6736 - got cpw.mods.cl.ModuleClassLoader@1dbb650b
[11:10:51] [Render thread/DEBUG] [ne.mi.fm.ja.FMLModContainer/LOADING]: Creating FMLModContainer instance for net.minecraftforge.common.ForgeMod
[11:10:51] [Render thread/DEBUG] [ne.mi.fm.ja.FMLJavaModLanguageProvider/LOADING]: Loading FMLModContainer from classloader cpw.mods.modlauncher.TransformingClassLoader@74d6736 - got cpw.mods.cl.ModuleClassLoader@1dbb650b
[11:10:51] [Render thread/DEBUG] [ne.mi.fm.ja.FMLModContainer/LOADING]: Creating FMLModContainer instance for org.orecruncher.dsurround.forge.ForgeMod
[11:10:51] [modloading-worker-0/DEBUG] [ne.mi.fm.ja.AutomaticEventSubscriber/LOADING]: Attempting to inject @EventBusSubscriber classes into the eventbus for mixinextras
[11:10:51] [modloading-worker-0/DEBUG] [ne.mi.ve.fo.ForgeVersion/CORE]: Forge Version package package net.minecraftforge.versions.forge, Forge, version 47.1 from cpw.mods.modlauncher.TransformingClassLoader@74d6736
[11:10:51] [modloading-worker-0/DEBUG] [ne.mi.ve.fo.ForgeVersion/CORE]: Found Forge version 47.1.3
[11:10:51] [modloading-worker-0/DEBUG] [ne.mi.ve.fo.ForgeVersion/CORE]: Found Forge spec 47.1
[11:10:51] [modloading-worker-0/DEBUG] [ne.mi.ve.fo.ForgeVersion/CORE]: Found Forge group net.minecraftforge
[11:10:51] [modloading-worker-0/DEBUG] [ne.mi.ve.mc.MCPVersion/CORE]: MCP Version package package net.minecraftforge.versions.mcp, Minecraft, version 1.20.1 from cpw.mods.modlauncher.TransformingClassLoader@74d6736
[11:10:51] [modloading-worker-0/DEBUG] [ne.mi.ve.mc.MCPVersion/CORE]: Found MC version information 1.20.1
[11:10:51] [modloading-worker-0/DEBUG] [ne.mi.ve.mc.MCPVersion/CORE]: Found MCP version information 20230612.114412
[11:10:51] [modloading-worker-0/INFO] [ne.mi.co.ForgeMod/FORGEMOD]: Forge mod loading, version 47.1.3, for MC 1.20.1 with MCP 20230612.114412
[11:10:51] [modloading-worker-0/INFO] [ne.mi.co.MinecraftForge/FORGE]: MinecraftForge v47.1.3 Initialized
[11:10:51] [modloading-worker-0/INFO] [dsurround/]: [DSURROUND] [dsurround] Bootstrapping
[11:10:51] [modloading-worker-0/INFO] [dsurround/]: [DSURROUND] Library initializing
[11:10:51] [modloading-worker-0/INFO] [dsurround/]: [DSURROUND] Debug mode ENABLED - detailed logging active
[11:10:52] [modloading-worker-0/INFO] [dsurround/]: [DSURROUND] Season provider: Vanilla
[11:10:52] [modloading-worker-0/DEBUG] [mixin/]: Mixing audio.MixinSoundManagerAccessor from dsurround.mixins.json into net.minecraft.client.sounds.SoundManager
[11:10:52] [modloading-worker-0/INFO] [dsurround/]: [DSURROUND] [dsurround] Boostrap completed
[11:10:52] [modloading-worker-0/INFO] [dsurround/]: [DSURROUND] [dsurround] Client initializing
[11:10:52] [modloading-worker-0/DEBUG] [io.ne.ut.in.PlatformDependent0/]: -Dio.netty.noUnsafe: false
[11:10:52] [modloading-worker-0/DEBUG] [io.ne.ut.in.PlatformDependent0/]: Java version: 17
[11:10:52] [modloading-worker-0/DEBUG] [io.ne.ut.in.PlatformDependent0/]: sun.misc.Unsafe.theUnsafe: available
[11:10:52] [modloading-worker-0/DEBUG] [io.ne.ut.in.PlatformDependent0/]: sun.misc.Unsafe.copyMemory: available
[11:10:52] [modloading-worker-0/DEBUG] [io.ne.ut.in.PlatformDependent0/]: sun.misc.Unsafe.storeFence: available
[11:10:52] [modloading-worker-0/DEBUG] [io.ne.ut.in.PlatformDependent0/]: java.nio.Buffer.address: available
[11:10:52] [modloading-worker-0/DEBUG] [io.ne.ut.in.PlatformDependent0/]: direct buffer constructor: unavailable
java.lang.UnsupportedOperationException: Reflective setAccessible(true) disabled
	at io.netty.util.internal.ReflectionUtil.trySetAccessible(ReflectionUtil.java:31) ~[netty-common-4.1.82.Final.jar%23151!/:4.1.82.Final] {}
	at io.netty.util.internal.PlatformDependent0$5.run(PlatformDependent0.java:288) ~[netty-common-4.1.82.Final.jar%23151!/:4.1.82.Final] {}
	at java.security.AccessController.doPrivileged(AccessController.java:318) ~[?:?] {}
	at io.netty.util.internal.PlatformDependent0.<clinit>(PlatformDependent0.java:282) ~[netty-common-4.1.82.Final.jar%23151!/:4.1.82.Final] {}
	at io.netty.util.internal.PlatformDependent.isAndroid(PlatformDependent.java:333) ~[netty-common-4.1.82.Final.jar%23151!/:4.1.82.Final] {}
	at io.netty.util.internal.PlatformDependent.<clinit>(PlatformDependent.java:88) ~[netty-common-4.1.82.Final.jar%23151!/:4.1.82.Final] {}
	at io.netty.util.ConstantPool.<init>(ConstantPool.java:34) ~[netty-common-4.1.82.Final.jar%23151!/:4.1.82.Final] {}
	at io.netty.util.AttributeKey$1.<init>(AttributeKey.java:27) ~[netty-common-4.1.82.Final.jar%23151!/:4.1.82.Final] {}
	at io.netty.util.AttributeKey.<clinit>(AttributeKey.java:27) ~[netty-common-4.1.82.Final.jar%23151!/:4.1.82.Final] {}
	at net.minecraftforge.network.NetworkConstants.<clinit>(NetworkConstants.java:34) ~[forge-1.20.1-47.1.3_mapped_official_1.20.1-recomp.jar%23190%23197!/:?] {re:classloading}
	at net.minecraftforge.common.ForgeMod.<init>(ForgeMod.java:429) ~[forge-1.20.1-47.1.3_mapped_official_1.20.1-recomp.jar%23190%23197!/:?] {re:classloading}
	at jdk.internal.reflect.NativeConstructorAccessorImpl.newInstance0(Native Method) ~[?:?] {}
	at jdk.internal.reflect.NativeConstructorAccessorImpl.newInstance(NativeConstructorAccessorImpl.java:77) ~[?:?] {}
	at jdk.internal.reflect.DelegatingConstructorAccessorImpl.newInstance(DelegatingConstructorAccessorImpl.java:45) ~[?:?] {}
	at java.lang.reflect.Constructor.newInstanceWithCaller(Constructor.java:500) ~[?:?] {}
	at java.lang.reflect.Constructor.newInstance(Constructor.java:481) ~[?:?] {}
	at net.minecraftforge.fml.javafmlmod.FMLModContainer.constructMod(FMLModContainer.java:68) ~[javafmllanguage-1.20.1-47.1.3.jar%23192!/:?] {}
	at net.minecraftforge.fml.ModContainer.lambda$buildTransitionHandler$10(ModContainer.java:123) ~[fmlcore-1.20.1-47.1.3.jar%23195!/:?] {}
	at java.util.concurrent.CompletableFuture$AsyncRun.run(CompletableFuture.java:1804) ~[?:?] {}
	at java.util.concurrent.CompletableFuture$AsyncRun.exec(CompletableFuture.java:1796) ~[?:?] {}
	at java.util.concurrent.ForkJoinTask.doExec(ForkJoinTask.java:373) ~[?:?] {}
	at java.util.concurrent.ForkJoinPool$WorkQueue.topLevelExec(ForkJoinPool.java:1182) ~[?:?] {}
	at java.util.concurrent.ForkJoinPool.scan(ForkJoinPool.java:1655) ~[?:?] {}
	at java.util.concurrent.ForkJoinPool.runWorker(ForkJoinPool.java:1622) ~[?:?] {}
	at java.util.concurrent.ForkJoinWorkerThread.run(ForkJoinWorkerThread.java:165) ~[?:?] {}
[11:10:52] [modloading-worker-0/DEBUG] [io.ne.ut.in.PlatformDependent0/]: java.nio.Bits.unaligned: available, true
[11:10:52] [modloading-worker-0/DEBUG] [io.ne.ut.in.PlatformDependent0/]: jdk.internal.misc.Unsafe.allocateUninitializedArray(int): unavailable
java.lang.IllegalAccessException: class io.netty.util.internal.PlatformDependent0$7 (in module io.netty.common) cannot access class jdk.internal.misc.Unsafe (in module java.base) because module java.base does not export jdk.internal.misc to module io.netty.common
	at jdk.internal.reflect.Reflection.newIllegalAccessException(Reflection.java:392) ~[?:?] {}
	at java.lang.reflect.AccessibleObject.checkAccess(AccessibleObject.java:674) ~[?:?] {}
	at java.lang.reflect.Method.invoke(Method.java:561) ~[?:?] {}
	at io.netty.util.internal.PlatformDependent0$7.run(PlatformDependent0.java:410) ~[netty-common-4.1.82.Final.jar%23151!/:4.1.82.Final] {}
	at java.security.AccessController.doPrivileged(AccessController.java:318) ~[?:?] {}
	at io.netty.util.internal.PlatformDependent0.<clinit>(PlatformDependent0.java:401) ~[netty-common-4.1.82.Final.jar%23151!/:4.1.82.Final] {}
	at io.netty.util.internal.PlatformDependent.isAndroid(PlatformDependent.java:333) ~[netty-common-4.1.82.Final.jar%23151!/:4.1.82.Final] {}
	at io.netty.util.internal.PlatformDependent.<clinit>(PlatformDependent.java:88) ~[netty-common-4.1.82.Final.jar%23151!/:4.1.82.Final] {}
	at io.netty.util.ConstantPool.<init>(ConstantPool.java:34) ~[netty-common-4.1.82.Final.jar%23151!/:4.1.82.Final] {}
	at io.netty.util.AttributeKey$1.<init>(AttributeKey.java:27) ~[netty-common-4.1.82.Final.jar%23151!/:4.1.82.Final] {}
	at io.netty.util.AttributeKey.<clinit>(AttributeKey.java:27) ~[netty-common-4.1.82.Final.jar%23151!/:4.1.82.Final] {}
	at net.minecraftforge.network.NetworkConstants.<clinit>(NetworkConstants.java:34) ~[forge-1.20.1-47.1.3_mapped_official_1.20.1-recomp.jar%23190%23197!/:?] {re:classloading}
	at net.minecraftforge.common.ForgeMod.<init>(ForgeMod.java:429) ~[forge-1.20.1-47.1.3_mapped_official_1.20.1-recomp.jar%23190%23197!/:?] {re:classloading}
	at jdk.internal.reflect.NativeConstructorAccessorImpl.newInstance0(Native Method) ~[?:?] {}
	at jdk.internal.reflect.NativeConstructorAccessorImpl.newInstance(NativeConstructorAccessorImpl.java:77) ~[?:?] {}
	at jdk.internal.reflect.DelegatingConstructorAccessorImpl.newInstance(DelegatingConstructorAccessorImpl.java:45) ~[?:?] {}
	at java.lang.reflect.Constructor.newInstanceWithCaller(Constructor.java:500) ~[?:?] {}
	at java.lang.reflect.Constructor.newInstance(Constructor.java:481) ~[?:?] {}
	at net.minecraftforge.fml.javafmlmod.FMLModContainer.constructMod(FMLModContainer.java:68) ~[javafmllanguage-1.20.1-47.1.3.jar%23192!/:?] {}
	at net.minecraftforge.fml.ModContainer.lambda$buildTransitionHandler$10(ModContainer.java:123) ~[fmlcore-1.20.1-47.1.3.jar%23195!/:?] {}
	at java.util.concurrent.CompletableFuture$AsyncRun.run(CompletableFuture.java:1804) ~[?:?] {}
	at java.util.concurrent.CompletableFuture$AsyncRun.exec(CompletableFuture.java:1796) ~[?:?] {}
	at java.util.concurrent.ForkJoinTask.doExec(ForkJoinTask.java:373) ~[?:?] {}
	at java.util.concurrent.ForkJoinPool$WorkQueue.topLevelExec(ForkJoinPool.java:1182) ~[?:?] {}
	at java.util.concurrent.ForkJoinPool.scan(ForkJoinPool.java:1655) ~[?:?] {}
	at java.util.concurrent.ForkJoinPool.runWorker(ForkJoinPool.java:1622) ~[?:?] {}
	at java.util.concurrent.ForkJoinWorkerThread.run(ForkJoinWorkerThread.java:165) ~[?:?] {}
[11:10:52] [modloading-worker-0/DEBUG] [io.ne.ut.in.PlatformDependent0/]: java.nio.DirectByteBuffer.<init>(long, int): unavailable
[11:10:52] [modloading-worker-0/DEBUG] [io.ne.ut.in.PlatformDependent/]: sun.misc.Unsafe: available
[11:10:52] [modloading-worker-0/DEBUG] [io.ne.ut.in.PlatformDependent/]: maxDirectMemory: 8573157376 bytes (maybe)
[11:10:52] [modloading-worker-0/DEBUG] [io.ne.ut.in.PlatformDependent/]: -Dio.netty.tmpdir: C:\Users\ADMINI~1\AppData\Local\Temp (java.io.tmpdir)
[11:10:52] [modloading-worker-0/DEBUG] [io.ne.ut.in.PlatformDependent/]: -Dio.netty.bitMode: 64 (sun.arch.data.model)
[11:10:52] [modloading-worker-0/DEBUG] [io.ne.ut.in.PlatformDependent/]: Platform: Windows
[11:10:52] [modloading-worker-0/DEBUG] [io.ne.ut.in.PlatformDependent/]: -Dio.netty.maxDirectMemory: -1 bytes
[11:10:52] [modloading-worker-0/DEBUG] [io.ne.ut.in.PlatformDependent/]: -Dio.netty.uninitializedArrayAllocationThreshold: -1
[11:10:52] [modloading-worker-0/DEBUG] [io.ne.ut.in.CleanerJava9/]: java.nio.ByteBuffer.cleaner(): available
[11:10:52] [modloading-worker-0/DEBUG] [io.ne.ut.in.PlatformDependent/]: -Dio.netty.noPreferDirect: false
[11:10:52] [modloading-worker-0/INFO] [dsurround/]: [DSURROUND] [dsurround] Client initialization complete
[11:10:52] [modloading-worker-0/DEBUG] [ne.mi.fm.ja.AutomaticEventSubscriber/LOADING]: Attempting to inject @EventBusSubscriber classes into the eventbus for dsurround
[11:10:52] [modloading-worker-0/DEBUG] [ne.mi.fm.ja.AutomaticEventSubscriber/LOADING]: Auto-subscribing org.orecruncher.dsurround.aurora.AuroraRenderHandler to FORGE
[11:10:52] [modloading-worker-0/DEBUG] [ne.mi.co.ForgeMod/FORGEMOD]: Loading Network data for FML net version: FML3
[11:10:52] [modloading-worker-0/DEBUG] [mixin/]: Mixing MixinLevelRenderer from dsurround.mixins.json into net.minecraft.client.renderer.LevelRenderer
[11:10:52] [modloading-worker-0/DEBUG] [ne.mi.fm.ja.AutomaticEventSubscriber/LOADING]: Auto-subscribing org.orecruncher.dsurround.capabilities.CapabilityHandler to FORGE
[11:10:52] [modloading-worker-0/DEBUG] [ne.mi.fm.ja.AutomaticEventSubscriber/LOADING]: Auto-subscribing org.orecruncher.dsurround.capabilities.EntityCapabilityEvents to FORGE
[11:10:52] [modloading-worker-0/DEBUG] [ne.mi.fm.ja.AutomaticEventSubscriber/LOADING]: Auto-subscribing org.orecruncher.dsurround.client.handlers.EffectManager to FORGE
[11:10:52] [modloading-worker-0/DEBUG] [ne.mi.fm.ja.AutomaticEventSubscriber/LOADING]: Auto-subscribing org.orecruncher.dsurround.forge.commands.ForgeCommands to FORGE
[11:10:52] [modloading-worker-0/DEBUG] [ne.mi.fm.ja.AutomaticEventSubscriber/LOADING]: Auto-subscribing org.orecruncher.dsurround.forge.services.ForgeServiceImpl$ModEventHandler to MOD
[11:10:52] [modloading-worker-0/DEBUG] [ne.mi.fm.ja.AutomaticEventSubscriber/LOADING]: Auto-subscribing org.orecruncher.dsurround.weather.render.WeatherRenderHandler to FORGE
[11:10:52] [modloading-worker-0/DEBUG] [ne.mi.fm.ja.AutomaticEventSubscriber/LOADING]: Auto-subscribing org.orecruncher.dsurround.weather.server.WeatherGeneratorManager to FORGE
[11:10:52] [modloading-worker-0/DEBUG] [ne.mi.fm.co.ConfigTracker/CONFIG]: Config file forge-client.toml for forge tracking
[11:10:52] [modloading-worker-0/DEBUG] [ne.mi.fm.co.ConfigTracker/CONFIG]: Config file forge-server.toml for forge tracking
[11:10:52] [modloading-worker-0/DEBUG] [ne.mi.fm.ModLoadingContext/]: Attempted to register an empty config for type COMMON on mod forge
[11:10:52] [modloading-worker-0/DEBUG] [ne.mi.fm.ja.AutomaticEventSubscriber/LOADING]: Attempting to inject @EventBusSubscriber classes into the eventbus for forge
[11:10:52] [modloading-worker-0/DEBUG] [ne.mi.fm.ja.AutomaticEventSubscriber/LOADING]: Auto-subscribing net.minecraftforge.common.ForgeSpawnEggItem$CommonHandler to MOD
[11:10:52] [modloading-worker-0/DEBUG] [ne.mi.fm.ja.AutomaticEventSubscriber/LOADING]: Auto-subscribing net.minecraftforge.common.ForgeSpawnEggItem$ColorRegisterHandler to MOD
[11:10:52] [modloading-worker-0/DEBUG] [ne.mi.fm.ja.AutomaticEventSubscriber/LOADING]: Auto-subscribing net.minecraftforge.client.model.data.ModelDataManager to FORGE
[11:10:52] [modloading-worker-0/DEBUG] [ne.mi.fm.ja.AutomaticEventSubscriber/LOADING]: Auto-subscribing net.minecraftforge.client.ForgeHooksClient$ClientEvents to MOD
[11:10:52] [modloading-worker-0/DEBUG] [ne.mi.fm.ja.AutomaticEventSubscriber/LOADING]: Auto-subscribing net.minecraftforge.client.ClientForgeMod to MOD
[11:10:52] [Render thread/DEBUG] [ne.mi.re.ObjectHolderRegistry/REGISTRIES]: Processing ObjectHolder annotations
[11:10:52] [Render thread/DEBUG] [ne.mi.re.ObjectHolderRegistry/REGISTRIES]: Found 3844 ObjectHolder annotations
[11:10:52] [Render thread/DEBUG] [ne.mi.co.ca.CapabilityManager/CAPABILITIES]: Attempting to automatically register: Lnet/minecraftforge/energy/IEnergyStorage;
[11:10:52] [Render thread/DEBUG] [ne.mi.co.ca.CapabilityManager/CAPABILITIES]: Attempting to automatically register: Lnet/minecraftforge/fluids/capability/IFluidHandler;
[11:10:52] [Render thread/DEBUG] [ne.mi.co.ca.CapabilityManager/CAPABILITIES]: Attempting to automatically register: Lnet/minecraftforge/fluids/capability/IFluidHandlerItem;
[11:10:52] [Render thread/DEBUG] [ne.mi.co.ca.CapabilityManager/CAPABILITIES]: Attempting to automatically register: Lnet/minecraftforge/items/IItemHandler;
[11:10:52] [Render thread/DEBUG] [ne.mi.re.GameData/REGISTRIES]: Unfreezing vanilla registries
[11:10:52] [Render thread/DEBUG] [ne.mi.re.GameData/REGISTRIES]: Applying holder lookups: minecraft:sound_event
[11:10:52] [Render thread/DEBUG] [ne.mi.re.GameData/REGISTRIES]: Holder lookups applied: minecraft:sound_event
[11:10:52] [Render thread/DEBUG] [ne.mi.re.GameData/REGISTRIES]: Applying holder lookups: minecraft:fluid
[11:10:52] [Render thread/DEBUG] [ne.mi.re.GameData/REGISTRIES]: Holder lookups applied: minecraft:fluid
[11:10:52] [Render thread/DEBUG] [ne.mi.re.GameData/REGISTRIES]: Applying holder lookups: minecraft:block
[11:10:52] [Render thread/DEBUG] [ne.mi.re.GameData/REGISTRIES]: Holder lookups applied: minecraft:block
[11:10:52] [Render thread/DEBUG] [ne.mi.re.GameData/REGISTRIES]: Applying holder lookups: minecraft:attribute
[11:10:52] [Render thread/DEBUG] [ne.mi.re.GameData/REGISTRIES]: Holder lookups applied: minecraft:attribute
[11:10:52] [Render thread/DEBUG] [ne.mi.re.GameData/REGISTRIES]: Applying holder lookups: minecraft:mob_effect
[11:10:52] [Render thread/DEBUG] [ne.mi.re.GameData/REGISTRIES]: Holder lookups applied: minecraft:mob_effect
[11:10:52] [Render thread/DEBUG] [ne.mi.re.GameData/REGISTRIES]: Applying holder lookups: minecraft:particle_type
[11:10:52] [Render thread/DEBUG] [ne.mi.re.GameData/REGISTRIES]: Holder lookups applied: minecraft:particle_type
[11:10:52] [Render thread/DEBUG] [ne.mi.re.GameData/REGISTRIES]: Applying holder lookups: minecraft:item
[11:10:52] [Render thread/DEBUG] [ne.mi.re.GameData/REGISTRIES]: Holder lookups applied: minecraft:item
[11:10:52] [Render thread/DEBUG] [ne.mi.re.GameData/REGISTRIES]: Applying holder lookups: minecraft:entity_type
[11:10:52] [Render thread/DEBUG] [ne.mi.re.GameData/REGISTRIES]: Holder lookups applied: minecraft:entity_type
[11:10:52] [Render thread/DEBUG] [ne.mi.re.GameData/REGISTRIES]: Applying holder lookups: minecraft:sensor_type
[11:10:52] [Render thread/DEBUG] [ne.mi.re.GameData/REGISTRIES]: Holder lookups applied: minecraft:sensor_type
[11:10:52] [Render thread/DEBUG] [ne.mi.re.GameData/REGISTRIES]: Applying holder lookups: minecraft:memory_module_type
[11:10:52] [Render thread/DEBUG] [ne.mi.re.GameData/REGISTRIES]: Holder lookups applied: minecraft:memory_module_type
[11:10:52] [Render thread/DEBUG] [ne.mi.re.GameData/REGISTRIES]: Applying holder lookups: minecraft:potion
[11:10:52] [Render thread/DEBUG] [ne.mi.re.GameData/REGISTRIES]: Holder lookups applied: minecraft:potion
[11:10:52] [Render thread/DEBUG] [ne.mi.re.GameData/REGISTRIES]: Applying holder lookups: minecraft:game_event
[11:10:52] [Render thread/DEBUG] [ne.mi.re.GameData/REGISTRIES]: Holder lookups applied: minecraft:game_event
[11:10:52] [Render thread/DEBUG] [ne.mi.re.GameData/REGISTRIES]: Applying holder lookups: minecraft:enchantment
[11:10:52] [Render thread/DEBUG] [ne.mi.re.GameData/REGISTRIES]: Holder lookups applied: minecraft:enchantment
[11:10:52] [Render thread/DEBUG] [ne.mi.re.GameData/REGISTRIES]: Applying holder lookups: minecraft:block_entity_type
[11:10:52] [Render thread/DEBUG] [ne.mi.re.GameData/REGISTRIES]: Holder lookups applied: minecraft:block_entity_type
[11:10:52] [Render thread/DEBUG] [ne.mi.re.GameData/REGISTRIES]: Applying holder lookups: minecraft:painting_variant
[11:10:52] [Render thread/DEBUG] [ne.mi.re.GameData/REGISTRIES]: Holder lookups applied: minecraft:painting_variant
[11:10:52] [Render thread/DEBUG] [ne.mi.re.GameData/REGISTRIES]: Applying holder lookups: minecraft:stat_type
[11:10:52] [Render thread/DEBUG] [ne.mi.re.GameData/REGISTRIES]: Holder lookups applied: minecraft:stat_type
[11:10:52] [Render thread/DEBUG] [ne.mi.re.GameData/REGISTRIES]: Applying holder lookups: minecraft:custom_stat
[11:10:52] [Render thread/DEBUG] [ne.mi.re.GameData/REGISTRIES]: Holder lookups applied: minecraft:custom_stat
[11:10:52] [Render thread/DEBUG] [ne.mi.re.GameData/REGISTRIES]: Applying holder lookups: minecraft:chunk_status
[11:10:52] [Render thread/DEBUG] [ne.mi.re.GameData/REGISTRIES]: Holder lookups applied: minecraft:chunk_status
[11:10:52] [Render thread/DEBUG] [ne.mi.re.GameData/REGISTRIES]: Applying holder lookups: minecraft:rule_test
[11:10:52] [Render thread/DEBUG] [ne.mi.re.GameData/REGISTRIES]: Holder lookups applied: minecraft:rule_test
[11:10:52] [Render thread/DEBUG] [ne.mi.re.GameData/REGISTRIES]: Applying holder lookups: minecraft:rule_block_entity_modifier
[11:10:52] [Render thread/DEBUG] [ne.mi.re.GameData/REGISTRIES]: Holder lookups applied: minecraft:rule_block_entity_modifier
[11:10:52] [Render thread/DEBUG] [ne.mi.re.GameData/REGISTRIES]: Applying holder lookups: minecraft:pos_rule_test
[11:10:52] [Render thread/DEBUG] [ne.mi.re.GameData/REGISTRIES]: Holder lookups applied: minecraft:pos_rule_test
[11:10:52] [Render thread/DEBUG] [ne.mi.re.GameData/REGISTRIES]: Applying holder lookups: minecraft:menu
[11:10:52] [Render thread/DEBUG] [ne.mi.re.GameData/REGISTRIES]: Holder lookups applied: minecraft:menu
[11:10:52] [Render thread/DEBUG] [ne.mi.re.GameData/REGISTRIES]: Applying holder lookups: minecraft:recipe_type
[11:10:52] [Render thread/DEBUG] [ne.mi.re.GameData/REGISTRIES]: Holder lookups applied: minecraft:recipe_type
[11:10:52] [Render thread/DEBUG] [ne.mi.re.GameData/REGISTRIES]: Applying holder lookups: minecraft:recipe_serializer
[11:10:52] [Render thread/DEBUG] [ne.mi.re.GameData/REGISTRIES]: Holder lookups applied: minecraft:recipe_serializer
[11:10:52] [Render thread/DEBUG] [ne.mi.re.GameData/REGISTRIES]: Applying holder lookups: minecraft:position_source_type
[11:10:52] [Render thread/DEBUG] [ne.mi.re.GameData/REGISTRIES]: Holder lookups applied: minecraft:position_source_type
[11:10:52] [Render thread/DEBUG] [ne.mi.re.GameData/REGISTRIES]: Applying holder lookups: minecraft:command_argument_type
[11:10:52] [Render thread/DEBUG] [ne.mi.re.GameData/REGISTRIES]: Holder lookups applied: minecraft:command_argument_type
[11:10:52] [Render thread/DEBUG] [ne.mi.re.GameData/REGISTRIES]: Applying holder lookups: minecraft:villager_type
[11:10:52] [Render thread/DEBUG] [ne.mi.re.GameData/REGISTRIES]: Holder lookups applied: minecraft:villager_type
[11:10:52] [Render thread/DEBUG] [ne.mi.re.GameData/REGISTRIES]: Applying holder lookups: minecraft:villager_profession
[11:10:52] [Render thread/DEBUG] [ne.mi.re.GameData/REGISTRIES]: Holder lookups applied: minecraft:villager_profession
[11:10:52] [Render thread/DEBUG] [ne.mi.re.GameData/REGISTRIES]: Applying holder lookups: minecraft:point_of_interest_type
[11:10:52] [Render thread/DEBUG] [ne.mi.re.GameData/REGISTRIES]: Holder lookups applied: minecraft:point_of_interest_type
[11:10:52] [Render thread/DEBUG] [ne.mi.re.GameData/REGISTRIES]: Applying holder lookups: minecraft:schedule
[11:10:52] [Render thread/DEBUG] [ne.mi.re.GameData/REGISTRIES]: Holder lookups applied: minecraft:schedule
[11:10:52] [Render thread/DEBUG] [ne.mi.re.GameData/REGISTRIES]: Applying holder lookups: minecraft:activity
[11:10:52] [Render thread/DEBUG] [ne.mi.re.GameData/REGISTRIES]: Holder lookups applied: minecraft:activity
[11:10:52] [Render thread/DEBUG] [ne.mi.re.GameData/REGISTRIES]: Applying holder lookups: minecraft:loot_pool_entry_type
[11:10:52] [Render thread/DEBUG] [ne.mi.re.GameData/REGISTRIES]: Holder lookups applied: minecraft:loot_pool_entry_type
[11:10:52] [Render thread/DEBUG] [ne.mi.re.GameData/REGISTRIES]: Applying holder lookups: minecraft:loot_function_type
[11:10:52] [Render thread/DEBUG] [ne.mi.re.GameData/REGISTRIES]: Holder lookups applied: minecraft:loot_function_type
[11:10:52] [Render thread/DEBUG] [ne.mi.re.GameData/REGISTRIES]: Applying holder lookups: minecraft:loot_condition_type
[11:10:52] [Render thread/DEBUG] [ne.mi.re.GameData/REGISTRIES]: Holder lookups applied: minecraft:loot_condition_type
[11:10:52] [Render thread/DEBUG] [ne.mi.re.GameData/REGISTRIES]: Applying holder lookups: minecraft:loot_number_provider_type
[11:10:52] [Render thread/DEBUG] [ne.mi.re.GameData/REGISTRIES]: Holder lookups applied: minecraft:loot_number_provider_type
[11:10:52] [Render thread/DEBUG] [ne.mi.re.GameData/REGISTRIES]: Applying holder lookups: minecraft:loot_nbt_provider_type
[11:10:52] [Render thread/DEBUG] [ne.mi.re.GameData/REGISTRIES]: Holder lookups applied: minecraft:loot_nbt_provider_type
[11:10:52] [Render thread/DEBUG] [ne.mi.re.GameData/REGISTRIES]: Applying holder lookups: minecraft:loot_score_provider_type
[11:10:52] [Render thread/DEBUG] [ne.mi.re.GameData/REGISTRIES]: Holder lookups applied: minecraft:loot_score_provider_type
[11:10:52] [Render thread/DEBUG] [ne.mi.re.GameData/REGISTRIES]: Applying holder lookups: minecraft:float_provider_type
[11:10:52] [Render thread/DEBUG] [ne.mi.re.GameData/REGISTRIES]: Holder lookups applied: minecraft:float_provider_type
[11:10:52] [Render thread/DEBUG] [ne.mi.re.GameData/REGISTRIES]: Applying holder lookups: minecraft:int_provider_type
[11:10:52] [Render thread/DEBUG] [ne.mi.re.GameData/REGISTRIES]: Holder lookups applied: minecraft:int_provider_type
[11:10:52] [Render thread/DEBUG] [ne.mi.re.GameData/REGISTRIES]: Applying holder lookups: minecraft:height_provider_type
[11:10:52] [Render thread/DEBUG] [ne.mi.re.GameData/REGISTRIES]: Holder lookups applied: minecraft:height_provider_type
[11:10:52] [Render thread/DEBUG] [ne.mi.re.GameData/REGISTRIES]: Applying holder lookups: minecraft:block_predicate_type
[11:10:52] [Render thread/DEBUG] [ne.mi.re.GameData/REGISTRIES]: Holder lookups applied: minecraft:block_predicate_type
[11:10:52] [Render thread/DEBUG] [ne.mi.re.GameData/REGISTRIES]: Applying holder lookups: minecraft:worldgen/carver
[11:10:52] [Render thread/DEBUG] [ne.mi.re.GameData/REGISTRIES]: Holder lookups applied: minecraft:worldgen/carver
[11:10:52] [Render thread/DEBUG] [ne.mi.re.GameData/REGISTRIES]: Applying holder lookups: minecraft:worldgen/feature
[11:10:52] [Render thread/DEBUG] [ne.mi.re.GameData/REGISTRIES]: Holder lookups applied: minecraft:worldgen/feature
[11:10:52] [Render thread/DEBUG] [ne.mi.re.GameData/REGISTRIES]: Applying holder lookups: minecraft:worldgen/structure_processor
[11:10:52] [Render thread/DEBUG] [ne.mi.re.GameData/REGISTRIES]: Holder lookups applied: minecraft:worldgen/structure_processor
[11:10:52] [Render thread/DEBUG] [ne.mi.re.GameData/REGISTRIES]: Applying holder lookups: minecraft:worldgen/structure_placement
[11:10:52] [Render thread/DEBUG] [ne.mi.re.GameData/REGISTRIES]: Holder lookups applied: minecraft:worldgen/structure_placement
[11:10:52] [Render thread/DEBUG] [ne.mi.re.GameData/REGISTRIES]: Applying holder lookups: minecraft:worldgen/structure_piece
[11:10:52] [Render thread/DEBUG] [ne.mi.re.GameData/REGISTRIES]: Holder lookups applied: minecraft:worldgen/structure_piece
[11:10:52] [Render thread/DEBUG] [ne.mi.re.GameData/REGISTRIES]: Applying holder lookups: minecraft:worldgen/structure_type
[11:10:52] [Render thread/DEBUG] [ne.mi.re.GameData/REGISTRIES]: Holder lookups applied: minecraft:worldgen/structure_type
[11:10:52] [Render thread/DEBUG] [ne.mi.re.GameData/REGISTRIES]: Applying holder lookups: minecraft:worldgen/placement_modifier_type
[11:10:52] [Render thread/DEBUG] [ne.mi.re.GameData/REGISTRIES]: Holder lookups applied: minecraft:worldgen/placement_modifier_type
[11:10:52] [Render thread/DEBUG] [ne.mi.re.GameData/REGISTRIES]: Applying holder lookups: minecraft:worldgen/block_state_provider_type
[11:10:52] [Render thread/DEBUG] [ne.mi.re.GameData/REGISTRIES]: Holder lookups applied: minecraft:worldgen/block_state_provider_type
[11:10:52] [Render thread/DEBUG] [ne.mi.re.GameData/REGISTRIES]: Applying holder lookups: minecraft:worldgen/foliage_placer_type
[11:10:52] [Render thread/DEBUG] [ne.mi.re.GameData/REGISTRIES]: Holder lookups applied: minecraft:worldgen/foliage_placer_type
[11:10:52] [Render thread/DEBUG] [ne.mi.re.GameData/REGISTRIES]: Applying holder lookups: minecraft:worldgen/trunk_placer_type
[11:10:52] [Render thread/DEBUG] [ne.mi.re.GameData/REGISTRIES]: Holder lookups applied: minecraft:worldgen/trunk_placer_type
[11:10:52] [Render thread/DEBUG] [ne.mi.re.GameData/REGISTRIES]: Applying holder lookups: minecraft:worldgen/root_placer_type
[11:10:52] [Render thread/DEBUG] [ne.mi.re.GameData/REGISTRIES]: Holder lookups applied: minecraft:worldgen/root_placer_type
[11:10:52] [Render thread/DEBUG] [ne.mi.re.GameData/REGISTRIES]: Applying holder lookups: minecraft:worldgen/tree_decorator_type
[11:10:52] [Render thread/DEBUG] [ne.mi.re.GameData/REGISTRIES]: Holder lookups applied: minecraft:worldgen/tree_decorator_type
[11:10:52] [Render thread/DEBUG] [ne.mi.re.GameData/REGISTRIES]: Applying holder lookups: minecraft:worldgen/feature_size_type
[11:10:52] [Render thread/DEBUG] [ne.mi.re.GameData/REGISTRIES]: Holder lookups applied: minecraft:worldgen/feature_size_type
[11:10:52] [Render thread/DEBUG] [ne.mi.re.GameData/REGISTRIES]: Applying holder lookups: minecraft:worldgen/biome_source
[11:10:52] [Render thread/DEBUG] [ne.mi.re.GameData/REGISTRIES]: Holder lookups applied: minecraft:worldgen/biome_source
[11:10:52] [Render thread/DEBUG] [ne.mi.re.GameData/REGISTRIES]: Applying holder lookups: minecraft:worldgen/chunk_generator
[11:10:52] [Render thread/DEBUG] [ne.mi.re.GameData/REGISTRIES]: Holder lookups applied: minecraft:worldgen/chunk_generator
[11:10:52] [Render thread/DEBUG] [ne.mi.re.GameData/REGISTRIES]: Applying holder lookups: minecraft:worldgen/material_condition
[11:10:52] [Render thread/DEBUG] [ne.mi.re.GameData/REGISTRIES]: Holder lookups applied: minecraft:worldgen/material_condition
[11:10:52] [Render thread/DEBUG] [ne.mi.re.GameData/REGISTRIES]: Applying holder lookups: minecraft:worldgen/material_rule
[11:10:52] [Render thread/DEBUG] [ne.mi.re.GameData/REGISTRIES]: Holder lookups applied: minecraft:worldgen/material_rule
[11:10:52] [Render thread/DEBUG] [ne.mi.re.GameData/REGISTRIES]: Applying holder lookups: minecraft:worldgen/density_function_type
[11:10:52] [Render thread/DEBUG] [ne.mi.re.GameData/REGISTRIES]: Holder lookups applied: minecraft:worldgen/density_function_type
[11:10:52] [Render thread/DEBUG] [ne.mi.re.GameData/REGISTRIES]: Applying holder lookups: minecraft:worldgen/structure_pool_element
[11:10:52] [Render thread/DEBUG] [ne.mi.re.GameData/REGISTRIES]: Holder lookups applied: minecraft:worldgen/structure_pool_element
[11:10:52] [Render thread/DEBUG] [ne.mi.re.GameData/REGISTRIES]: Applying holder lookups: minecraft:cat_variant
[11:10:52] [Render thread/DEBUG] [ne.mi.re.GameData/REGISTRIES]: Holder lookups applied: minecraft:cat_variant
[11:10:52] [Render thread/DEBUG] [ne.mi.re.GameData/REGISTRIES]: Applying holder lookups: minecraft:frog_variant
[11:10:52] [Render thread/DEBUG] [ne.mi.re.GameData/REGISTRIES]: Holder lookups applied: minecraft:frog_variant
[11:10:52] [Render thread/DEBUG] [ne.mi.re.GameData/REGISTRIES]: Applying holder lookups: minecraft:banner_pattern
[11:10:52] [Render thread/DEBUG] [ne.mi.re.GameData/REGISTRIES]: Holder lookups applied: minecraft:banner_pattern
[11:10:52] [Render thread/DEBUG] [ne.mi.re.GameData/REGISTRIES]: Applying holder lookups: minecraft:instrument
[11:10:52] [Render thread/DEBUG] [ne.mi.re.GameData/REGISTRIES]: Holder lookups applied: minecraft:instrument
[11:10:52] [Render thread/DEBUG] [ne.mi.re.GameData/REGISTRIES]: Applying holder lookups: minecraft:decorated_pot_patterns
[11:10:52] [Render thread/DEBUG] [ne.mi.re.GameData/REGISTRIES]: Holder lookups applied: minecraft:decorated_pot_patterns
[11:10:52] [Render thread/DEBUG] [ne.mi.re.GameData/REGISTRIES]: Applying holder lookups: minecraft:creative_mode_tab
[11:10:52] [Render thread/DEBUG] [ne.mi.re.GameData/REGISTRIES]: Holder lookups applied: minecraft:creative_mode_tab
[11:10:52] [Render thread/DEBUG] [ne.mi.re.GameData/REGISTRIES]: Applying holder lookups: forge:biome_modifier_serializers
[11:10:52] [Render thread/DEBUG] [ne.mi.re.GameData/REGISTRIES]: Holder lookups applied: forge:biome_modifier_serializers
[11:10:52] [Render thread/DEBUG] [ne.mi.re.GameData/REGISTRIES]: Applying holder lookups: forge:display_contexts
[11:10:52] [Render thread/DEBUG] [ne.mi.re.GameData/REGISTRIES]: Holder lookups applied: forge:display_contexts
[11:10:52] [Render thread/DEBUG] [ne.mi.re.GameData/REGISTRIES]: Applying holder lookups: forge:entity_data_serializers
[11:10:52] [Render thread/DEBUG] [ne.mi.re.GameData/REGISTRIES]: Holder lookups applied: forge:entity_data_serializers
[11:10:52] [Render thread/DEBUG] [ne.mi.re.GameData/REGISTRIES]: Applying holder lookups: forge:fluid_type
[11:10:52] [Render thread/DEBUG] [ne.mi.re.GameData/REGISTRIES]: Holder lookups applied: forge:fluid_type
[11:10:52] [Render thread/DEBUG] [ne.mi.re.GameData/REGISTRIES]: Applying holder lookups: forge:global_loot_modifier_serializers
[11:10:52] [Render thread/DEBUG] [ne.mi.re.GameData/REGISTRIES]: Holder lookups applied: forge:global_loot_modifier_serializers
[11:10:52] [Render thread/DEBUG] [ne.mi.re.GameData/REGISTRIES]: Applying holder lookups: forge:holder_set_type
[11:10:52] [Render thread/DEBUG] [ne.mi.re.GameData/REGISTRIES]: Holder lookups applied: forge:holder_set_type
[11:10:52] [Render thread/DEBUG] [ne.mi.re.GameData/REGISTRIES]: Applying holder lookups: forge:structure_modifier_serializers
[11:10:52] [Render thread/DEBUG] [ne.mi.re.GameData/REGISTRIES]: Holder lookups applied: forge:structure_modifier_serializers
[11:10:52] [Render thread/DEBUG] [ne.mi.re.GameData/REGISTRIES]: Applying holder lookups: minecraft:worldgen/biome
[11:10:52] [Render thread/DEBUG] [ne.mi.re.GameData/REGISTRIES]: Holder lookups applied: minecraft:worldgen/biome
[11:10:52] [Render thread/DEBUG] [ne.mi.cl.lo.ClientModLoader/CORE]: Generating PackInfo named mod:mixinextras for mod file C:\Users\Administrator\.gradle\caches\modules-2\files-2.1\io.github.llamalad7\mixinextras-forge\0.3.5\f2663a1104ece46c821fa4f8b50a6c7738b68413\mixinextras-forge-0.3.5.jar
[11:10:52] [Render thread/DEBUG] [ne.mi.cl.lo.ClientModLoader/CORE]: Generating PackInfo named mod:forge for mod file /
[11:10:52] [Render thread/DEBUG] [ne.mi.cl.lo.ClientModLoader/CORE]: Generating PackInfo named mod:dsurround for mod file H:\MinecraftMods\DynamicSurroundingsFroge-1.20.1\build\resources\main
[11:10:52] [Render thread/DEBUG] [mixin/]: Mixing audio.MixinSoundEngine from dsurround.mixins.json into net.minecraft.client.sounds.SoundEngine
[11:10:52] [Render thread/DEBUG] [mixin/]: Renaming synthetic method lambda$dsurround_soundRangeCheck$0(Lnet/minecraft/client/resources/sounds/SoundInstance;)Ljava/lang/String; to md974e1a$lambda$dsurround_soundRangeCheck$0$0 in dsurround.mixins.json:audio.MixinSoundEngine
[11:10:52] [Render thread/DEBUG] [mixin/]: Mixing audio.MixinSoundEngineAccessor from dsurround.mixins.json into net.minecraft.client.sounds.SoundEngine
[11:10:52] [Render thread/DEBUG] [mixin/]: Mixing audio.MixinSoundLibrary from dsurround.mixins.json into com.mojang.blaze3d.audio.Library
[11:10:52] [Render thread/DEBUG] [mixin/]: Mixing audio.MixinMusicManager from dsurround.mixins.json into net.minecraft.client.sounds.MusicManager
[11:10:53] [Render thread/DEBUG] [mixin/]: Mixing core.MixinParticleManager from dsurround.mixins.json into net.minecraft.client.particle.ParticleEngine
[11:10:53] [Render thread/DEBUG] [mixin/]: Renaming @Accessor method dsurround_getParticleTextureSheets()Ljava/util/List; to dsurround_getParticleTextureSheets_$md$974e1a$0 in dsurround.mixins.json:core.MixinParticleManager
[11:10:53] [Render thread/DEBUG] [mixin/]: Renaming @Accessor method dsurround_setParticleTextureSheets(Ljava/util/List;)V to dsurround_setParticleTextureSheets_$md$974e1a$1 in dsurround.mixins.json:core.MixinParticleManager
[11:10:53] [Render thread/DEBUG] [mixin/]: Mixing core.MixinRainSplashParticle from dsurround.mixins.json into net.minecraft.client.particle.WaterDropParticle$Provider
[11:10:53] [Render thread/INFO] [dsurround/]: [DSURROUND] [ModConfigResourceFinder] Found 0 resources for path 'dsconfigs'
[11:10:53] [Render thread/INFO] [dsurround/]: [DSURROUND] [Conditions] JavaScript engine: OpenJDK Nashorn (15.3)
[11:10:53] [Render thread/INFO] [dsurround/]: [DSURROUND] [BiomeConditions] JavaScript engine: OpenJDK Nashorn (15.3)
[11:10:53] [Render thread/INFO] [ne.mi.ga.ForgeGameTestHooks/]: Enabled Gametest Namespaces: [dsurround]
[11:10:54] [Render thread/INFO] [minecraft/ReloadableResourceManager]: Reloading ResourceManager: vanilla, mod_resources
[11:10:54] [modloading-worker-0/DEBUG] [ne.mi.fm.co.ConfigTracker/CONFIG]: Loading configs type CLIENT
[11:10:54] [modloading-worker-0/DEBUG] [ne.mi.fm.co.ConfigFileTypeHandler/CONFIG]: Built TOML config for H:\MinecraftMods\DynamicSurroundingsFroge-1.20.1\run\config\forge-client.toml
[11:10:54] [modloading-worker-0/DEBUG] [ne.mi.fm.co.ConfigFileTypeHandler/CONFIG]: Loaded TOML config file H:\MinecraftMods\DynamicSurroundingsFroge-1.20.1\run\config\forge-client.toml
[11:10:54] [modloading-worker-0/DEBUG] [ne.mi.fm.co.ConfigFileTypeHandler/CONFIG]: Watching TOML config file H:\MinecraftMods\DynamicSurroundingsFroge-1.20.1\run\config\forge-client.toml for changes
[11:10:54] [modloading-worker-0/DEBUG] [ne.mi.co.ForgeConfig/FORGEMOD]: Loaded forge config file forge-client.toml
[11:10:54] [modloading-worker-0/DEBUG] [ne.mi.fm.co.ConfigTracker/CONFIG]: Loading configs type COMMON
[11:10:54] [Render thread/INFO] [dsurround/]: [DSURROUND] Client starting
[11:10:54] [Render thread/INFO] [dsurround/]: [DSURROUND] [dsurround] Completing initialization
[11:10:54] [Worker-Main-1/INFO] [minecraft/UnihexProvider]: Found unifont_all_no_pua-15.0.06.hex, loading
[11:10:54] [Render thread/INFO] [dsurround/]: [DSURROUND] Initializing Acoustics Manager
[11:10:54] [Render thread/INFO] [dsurround/]: [DSURROUND] Loading footstep acoustics from resources
[11:10:54] [Render thread/INFO] [dsurround/]: [DSURROUND] Loaded {} acoustic profiles and {} block mappings from resources
[11:10:54] [Render thread/INFO] [dsurround/]: [DSURROUND] Registered {} acoustic profiles and {} block mappings
[11:10:54] [Render thread/INFO] [dsurround/]: [DSURROUND] Initializing Block Effects System
[11:10:54] [Render thread/INFO] [dsurround/]: [DSURROUND] Block Effects System initialized with {} effects
[11:10:54] [Render thread/INFO] [EntityEffectsManager/]: [ENTITYEFFECTSMANAGER] Entity effects library initialized with 3 factories
[11:10:54] [Render thread/INFO] [dsurround/]: [DSURROUND] Initializing shader programs
[11:10:54] [Forge Version Check/INFO] [ne.mi.fm.VersionChecker/]: [forge] Starting version check at https://files.minecraftforge.net/net/minecraftforge/forge/promotions_slim.json
[11:10:54] [Render thread/INFO] [dsurround/]: [DSURROUND] Registered shader program: aurora
[11:10:54] [Render thread/INFO] [dsurround/]: [DSURROUND] Successfully initialized 1 shader programs
[11:10:54] [Render thread/INFO] [dsurround/]: [DSURROUND] [dsurround] Finalization complete
[11:10:54] [Render thread/DEBUG] [ne.mi.fm.DeferredWorkQueue/LOADING]: Dispatching synchronous work for work queue COMMON_SETUP: 1 jobs
[11:10:54] [Render thread/INFO] [WeatherNetwork/]: [WEATHERNETWORK] Weather network channel initialized
[11:10:54] [Render thread/DEBUG] [ne.mi.fm.DeferredWorkQueue/LOADING]: Synchronous work queue completed in 18.71 ms
[11:10:56] [Forge Version Check/DEBUG] [ne.mi.fm.VersionChecker/]: [forge] Received version check data:
{
  "homepage": "https://files.minecraftforge.net/net/minecraftforge/forge/",
  "promos": {
    "1.1-latest": "1.3.4.29",
    "1.2.3-latest": "1.4.1.64",
    "1.2.4-latest": "2.0.0.68",
    "1.2.5-latest": "3.4.9.171",
    "1.3.2-latest": "4.3.5.318",
    "1.4.0-latest": "5.0.0.326",
    "1.4.1-latest": "6.0.0.329",
    "1.4.2-latest": "6.0.1.355",
    "1.4.3-latest": "6.2.1.358",
    "1.4.4-latest": "6.3.0.378",
    "1.4.5-latest": "6.4.2.448",
    "1.4.6-latest": "6.5.0.489",
    "1.4.7-latest": "6.6.2.534",
    "1.5-latest": "7.7.0.598",
    "1.5.1-latest": "7.7.2.682",
    "1.5.2-latest": "7.8.1.738",
    "1.5.2-recommended": "7.8.1.738",
    "1.6.1-latest": "8.9.0.775",
    "1.6.2-latest": "9.10.1.871",
    "1.6.2-recommended": "9.10.1.871",
    "1.6.3-latest": "9.11.0.878",
    "1.6.4-latest": "9.11.1.1345",
    "1.6.4-recommended": "9.11.1.1345",
    "1.7.2-latest": "10.12.2.1161",
    "1.7.2-recommended": "10.12.2.1161",
    "1.7.10-latest": "10.13.4.1614",
    "1.7.10-recommended": "10.13.4.1614",
    "1.8-latest": "11.14.4.1577",
    "1.8-recommended": "11.14.4.1563",
    "1.8.8-latest": "11.15.0.1655",
    "1.8.9-latest": "11.15.1.2318",
    "1.8.9-recommended": "11.15.1.2318",
    "1.9-latest": "12.16.1.1938",
    "1.9-recommended": "12.16.1.1887",
    "1.9.4-latest": "12.17.0.2317",
    "1.9.4-recommended": "12.17.0.2317",
    "1.10-latest": "12.18.0.2000",
    "1.10.2-latest": "12.18.3.2511",
    "1.10.2-recommended": "12.18.3.2511",
    "1.11-latest": "13.19.1.2199",
    "1.11-recommended": "13.19.1.2189",
    "1.11.2-latest": "13.20.1.2588",
    "1.11.2-recommended": "13.20.1.2588",
    "1.12-latest": "14.21.1.2443",
    "1.12-recommended": "14.21.1.2387",
    "1.12.1-latest": "14.22.1.2485",
    "1.12.1-recommended": "14.22.1.2478",
    "1.12.2-latest": "14.23.5.2864",
    "1.12.2-recommended": "14.23.5.2859",
    "1.13.2-latest": "25.0.223",
    "1.14.2-latest": "26.0.63",
    "1.14.3-latest": "27.0.60",
    "1.14.4-latest": "28.2.28",
    "1.14.4-recommended": "28.2.26",
    "1.15-latest": "29.0.4",
    "1.15.1-latest": "30.0.51",
    "1.15.2-latest": "31.2.60",
    "1.15.2-recommended": "31.2.57",
    "1.16.1-latest": "32.0.108",
    "1.16.2-latest": "33.0.61",
    "1.16.3-latest": "34.1.42",
    "1.16.3-recommended": "34.1.0",
    "1.16.4-latest": "35.1.37",
    "1.16.4-recommended": "35.1.4",
    "1.16.5-latest": "36.2.42",
    "1.16.5-recommended": "36.2.34",
    "1.17.1-latest": "37.1.1",
    "1.17.1-recommended": "37.1.1",
    "1.18-latest": "38.0.17",
    "1.18.1-latest": "39.1.2",
    "1.18.1-recommended": "39.1.0",
    "1.18.2-recommended": "40.3.0",
    "1.18.2-latest": "40.3.12",
    "1.19-latest": "41.1.0",
    "1.19-recommended": "41.1.0",
    "1.19.1-latest": "42.0.9",
    "1.19.2-recommended": "43.5.0",
    "1.19.2-latest": "43.5.2",
    "1.19.3-latest": "44.1.23",
    "1.19.3-recommended": "44.1.0",
    "1.19.4-recommended": "45.4.0",
    "1.19.4-latest": "45.4.3",
    "1.20-latest": "46.0.14",
    "1.20.1-recommended": "47.4.10",
    "1.20.1-latest": "47.4.20",
    "1.20.2-latest": "48.1.0",
    "1.20.2-recommended": "48.1.0",
    "1.20.3-latest": "49.0.2",
    "1.20.4-latest": "49.2.7",
    "1.20.4-recommended": "49.2.0",
    "1.20.6-latest": "50.2.8",
    "1.20.6-recommended": "50.2.0",
    "1.21-latest": "51.0.33",
    "1.21.1-latest": "52.1.14",
    "1.21.1-recommended": "52.1.0",
    "1.21.3-latest": "53.1.10",
    "1.21.3-recommended": "53.1.0",
    "1.21.4-latest": "54.1.16",
    "1.21.4-recommended": "54.1.14",
    "1.21.5-latest": "55.1.10",
    "1.21.5-recommended": "55.1.0",
    "1.21.6-latest": "56.0.9",
    "1.21.7-latest": "57.0.3",
    "1.21.8-latest": "58.1.18",
    "1.21.8-recommended": "58.1.0",
    "1.21.9-latest": "59.0.5",
    "1.21.10-latest": "60.1.9",
    "1.21.10-recommended": "60.1.0",
    "1.21.11-latest": "61.1.5",
    "1.21.11-recommended": "61.1.0",
    "26.1-latest": "62.0.9",
    "26.1.1-latest": "63.0.2",
    "26.1.2-latest": "64.0.6"
  }
}
[11:10:56] [Forge Version Check/INFO] [ne.mi.fm.VersionChecker/]: [forge] Found status: OUTDATED Current: 47.1.3 Target: 47.4.10
[11:10:57] [modloading-worker-0/DEBUG] [ne.mi.re.GameData/REGISTRIES]: Freezing registries
[11:10:57] [modloading-worker-0/DEBUG] [ne.mi.re.ForgeRegistry/REGISTRIES]: Registry minecraft:block Sync: FROZEN -> ACTIVE
[11:10:57] [modloading-worker-0/DEBUG] [ne.mi.re.ForgeRegistry/REGISTRIES]: Registry minecraft:fluid Sync: FROZEN -> ACTIVE
[11:10:57] [modloading-worker-0/DEBUG] [ne.mi.re.ForgeRegistry/REGISTRIES]: Registry minecraft:item Sync: FROZEN -> ACTIVE
[11:10:57] [modloading-worker-0/DEBUG] [ne.mi.re.ForgeRegistry/REGISTRIES]: Registry minecraft:mob_effect Sync: FROZEN -> ACTIVE
[11:10:57] [modloading-worker-0/DEBUG] [ne.mi.re.ForgeRegistry/REGISTRIES]: Registry minecraft:sound_event Sync: FROZEN -> ACTIVE
[11:10:57] [modloading-worker-0/DEBUG] [ne.mi.re.ForgeRegistry/REGISTRIES]: Registry minecraft:potion Sync: FROZEN -> ACTIVE
[11:10:57] [modloading-worker-0/DEBUG] [ne.mi.re.ForgeRegistry/REGISTRIES]: Registry minecraft:enchantment Sync: FROZEN -> ACTIVE
[11:10:57] [modloading-worker-0/DEBUG] [ne.mi.re.ForgeRegistry/REGISTRIES]: Registry minecraft:entity_type Sync: FROZEN -> ACTIVE
[11:10:57] [modloading-worker-0/DEBUG] [ne.mi.re.ForgeRegistry/REGISTRIES]: Registry minecraft:block_entity_type Sync: FROZEN -> ACTIVE
[11:10:57] [modloading-worker-0/DEBUG] [ne.mi.re.ForgeRegistry/REGISTRIES]: Registry minecraft:particle_type Sync: FROZEN -> ACTIVE
[11:10:57] [modloading-worker-0/DEBUG] [ne.mi.re.ForgeRegistry/REGISTRIES]: Registry minecraft:menu Sync: FROZEN -> ACTIVE
[11:10:57] [modloading-worker-0/DEBUG] [ne.mi.re.ForgeRegistry/REGISTRIES]: Registry minecraft:painting_variant Sync: FROZEN -> ACTIVE
[11:10:57] [modloading-worker-0/DEBUG] [ne.mi.re.ForgeRegistry/REGISTRIES]: Registry minecraft:recipe_type Sync: FROZEN -> ACTIVE
[11:10:57] [modloading-worker-0/DEBUG] [ne.mi.re.ForgeRegistry/REGISTRIES]: Registry minecraft:recipe_serializer Sync: FROZEN -> ACTIVE
[11:10:57] [modloading-worker-0/DEBUG] [ne.mi.re.ForgeRegistry/REGISTRIES]: Registry minecraft:attribute Sync: FROZEN -> ACTIVE
[11:10:57] [modloading-worker-0/DEBUG] [ne.mi.re.ForgeRegistry/REGISTRIES]: Registry minecraft:stat_type Sync: FROZEN -> ACTIVE
[11:10:57] [modloading-worker-0/DEBUG] [ne.mi.re.ForgeRegistry/REGISTRIES]: Registry minecraft:command_argument_type Sync: FROZEN -> ACTIVE
[11:10:57] [modloading-worker-0/DEBUG] [ne.mi.re.ForgeRegistry/REGISTRIES]: Registry minecraft:villager_profession Sync: FROZEN -> ACTIVE
[11:10:57] [modloading-worker-0/DEBUG] [ne.mi.re.ForgeRegistry/REGISTRIES]: Registry minecraft:point_of_interest_type Sync: FROZEN -> ACTIVE
[11:10:57] [modloading-worker-0/DEBUG] [ne.mi.re.ForgeRegistry/REGISTRIES]: Registry minecraft:memory_module_type Sync: FROZEN -> ACTIVE
[11:10:57] [modloading-worker-0/DEBUG] [ne.mi.re.ForgeRegistry/REGISTRIES]: Registry minecraft:sensor_type Sync: FROZEN -> ACTIVE
[11:10:57] [modloading-worker-0/DEBUG] [ne.mi.re.ForgeRegistry/REGISTRIES]: Registry minecraft:schedule Sync: FROZEN -> ACTIVE
[11:10:57] [modloading-worker-0/DEBUG] [ne.mi.re.ForgeRegistry/REGISTRIES]: Registry minecraft:activity Sync: FROZEN -> ACTIVE
[11:10:57] [modloading-worker-0/DEBUG] [ne.mi.re.ForgeRegistry/REGISTRIES]: Registry minecraft:worldgen/carver Sync: FROZEN -> ACTIVE
[11:10:57] [modloading-worker-0/DEBUG] [ne.mi.re.ForgeRegistry/REGISTRIES]: Registry minecraft:worldgen/feature Sync: FROZEN -> ACTIVE
[11:10:57] [modloading-worker-0/DEBUG] [ne.mi.re.ForgeRegistry/REGISTRIES]: Registry minecraft:chunk_status Sync: FROZEN -> ACTIVE
[11:10:57] [modloading-worker-0/DEBUG] [ne.mi.re.ForgeRegistry/REGISTRIES]: Registry minecraft:worldgen/block_state_provider_type Sync: FROZEN -> ACTIVE
[11:10:57] [modloading-worker-0/DEBUG] [ne.mi.re.ForgeRegistry/REGISTRIES]: Registry minecraft:worldgen/foliage_placer_type Sync: FROZEN -> ACTIVE
[11:10:57] [modloading-worker-0/DEBUG] [ne.mi.re.ForgeRegistry/REGISTRIES]: Registry minecraft:worldgen/tree_decorator_type Sync: FROZEN -> ACTIVE
[11:10:57] [modloading-worker-0/DEBUG] [ne.mi.re.ForgeRegistry/REGISTRIES]: Registry minecraft:worldgen/biome Sync: FROZEN -> ACTIVE
[11:10:57] [modloading-worker-0/DEBUG] [ne.mi.re.ForgeRegistry/REGISTRIES]: Registry forge:entity_data_serializers Sync: FROZEN -> ACTIVE
[11:10:57] [modloading-worker-0/DEBUG] [ne.mi.re.ForgeRegistry/REGISTRIES]: Registry forge:global_loot_modifier_serializers Sync: FROZEN -> ACTIVE
[11:10:57] [modloading-worker-0/DEBUG] [ne.mi.re.ForgeRegistry/REGISTRIES]: Registry forge:biome_modifier_serializers Sync: FROZEN -> ACTIVE
[11:10:57] [modloading-worker-0/DEBUG] [ne.mi.re.ForgeRegistry/REGISTRIES]: Registry forge:fluid_type Sync: FROZEN -> ACTIVE
[11:10:57] [modloading-worker-0/DEBUG] [ne.mi.re.ForgeRegistry/REGISTRIES]: Registry forge:structure_modifier_serializers Sync: FROZEN -> ACTIVE
[11:10:57] [modloading-worker-0/DEBUG] [ne.mi.re.ForgeRegistry/REGISTRIES]: Registry forge:holder_set_type Sync: FROZEN -> ACTIVE
[11:10:57] [modloading-worker-0/DEBUG] [ne.mi.re.ForgeRegistry/REGISTRIES]: Registry forge:display_contexts Sync: FROZEN -> ACTIVE
[11:10:59] [Render thread/DEBUG] [mixin/]: Mixing core.MixinAbstractSoundInstance from dsurround.mixins.json into net.minecraft.client.resources.sounds.AbstractSoundInstance
[11:10:59] [Render thread/INFO] [dsurround/]: [DSURROUND] Play Music: minecraft:music.menu{newSystem false, range 16.000000}
[11:10:59] [modloading-worker-0/DEBUG] [ne.mi.re.GameData/REGISTRIES]: All registries frozen
[11:11:00] [Render thread/DEBUG] [ne.mi.co.ForgeI18n/CORE]: Loading I18N data entries: 8441
[11:11:00] [Render thread/WARN] [minecraft/SoundEngine]: Missing sound for event: minecraft:item.goat_horn.play
[11:11:00] [Render thread/WARN] [minecraft/SoundEngine]: Missing sound for event: minecraft:entity.goat.screaming.horn_break
[11:11:00] [Render thread/INFO] [mojang/Library]: OpenAL initialized on device OpenAL Soft on 扬声器 (Realtek High Definition Audio)
[11:11:00] [Render thread/INFO] [dsurround/]: [DSURROUND] Vendor: OpenAL Community
[11:11:00] [Render thread/INFO] [dsurround/]: [DSURROUND] Version: 1.1 ALSOFT 1.21.1
[11:11:00] [Render thread/INFO] [dsurround/]: [DSURROUND] Renderer: OpenAL Soft
[11:11:00] [pool-7-thread-1/INFO] [dsurround/]: [DSURROUND] Threads allocated to enhanced sound processor: 2
[11:11:00] [Render thread/INFO] [dsurround/]: [DSURROUND] Frequency: 48000
[11:11:00] [Render thread/INFO] [dsurround/]: [DSURROUND] AuxSends: 4
[11:11:00] [Render thread/INFO] [dsurround/]: [DSURROUND] Extensions: AL_EXT_ALAW AL_EXT_BFORMAT AL_EXT_DOUBLE AL_EXT_EXPONENT_DISTANCE AL_EXT_FLOAT32 AL_EXT_IMA4 AL_EXT_LINEAR_DISTANCE AL_EXT_MCFORMATS AL_EXT_MULAW AL_EXT_MULAW_BFORMAT AL_EXT_MULAW_MCFORMATS AL_EXT_OFFSET AL_EXT_source_distance_model AL_EXT_SOURCE_RADIUS AL_EXT_STEREO_ANGLES AL_LOKI_quadriphonic AL_SOFT_bformat_ex AL_SOFTX_bformat_hoa AL_SOFT_block_alignment AL_SOFTX_callback_buffer AL_SOFTX_convolution_reverb AL_SOFT_deferred_updates AL_SOFT_direct_channels AL_SOFT_direct_channels_remix AL_SOFT_effect_target AL_SOFT_events AL_SOFTX_filter_gain_ex AL_SOFT_gain_clamp_ex AL_SOFT_loop_points AL_SOFTX_map_buffer AL_SOFT_MSADPCM AL_SOFT_source_latency AL_SOFT_source_length AL_SOFT_source_resampler AL_SOFT_source_spatialize
[11:11:00] [Render thread/DEBUG] [mixin/]: Mixing audio.MixinSoundBuffer from dsurround.mixins.json into com.mojang.blaze3d.audio.SoundBuffer
[11:11:00] [Render thread/INFO] [minecraft/SoundEngine]: Sound engine started
[11:11:00] [Render thread/INFO] [minecraft/TextureAtlas]: Created: 1024x512x4 minecraft:textures/atlas/blocks.png-atlas
[11:11:00] [Render thread/INFO] [minecraft/TextureAtlas]: Created: 256x256x4 minecraft:textures/atlas/signs.png-atlas
[11:11:00] [Render thread/INFO] [minecraft/TextureAtlas]: Created: 512x512x4 minecraft:textures/atlas/banner_patterns.png-atlas
[11:11:00] [Render thread/INFO] [minecraft/TextureAtlas]: Created: 512x512x4 minecraft:textures/atlas/shield_patterns.png-atlas
[11:11:00] [Render thread/INFO] [minecraft/TextureAtlas]: Created: 1024x1024x4 minecraft:textures/atlas/armor_trims.png-atlas
[11:11:00] [Render thread/INFO] [minecraft/TextureAtlas]: Created: 256x256x4 minecraft:textures/atlas/chest.png-atlas
[11:11:00] [Render thread/INFO] [minecraft/TextureAtlas]: Created: 128x64x4 minecraft:textures/atlas/decorated_pot.png-atlas
[11:11:00] [Render thread/INFO] [minecraft/TextureAtlas]: Created: 512x256x4 minecraft:textures/atlas/beds.png-atlas
[11:11:00] [Render thread/INFO] [minecraft/TextureAtlas]: Created: 512x256x4 minecraft:textures/atlas/shulker_boxes.png-atlas
[11:11:01] [Render thread/WARN] [minecraft/ShaderInstance]: Shader rendertype_entity_translucent_emissive could not find sampler named Sampler2 in the specified shader program.
[11:11:01] [Render thread/INFO] [minecraft/TextureAtlas]: Created: 256x256x0 minecraft:textures/atlas/particles.png-atlas
[11:11:01] [Render thread/INFO] [minecraft/TextureAtlas]: Created: 256x256x0 minecraft:textures/atlas/paintings.png-atlas
[11:11:01] [Render thread/INFO] [minecraft/TextureAtlas]: Created: 128x128x0 minecraft:textures/atlas/mob_effects.png-atlas
[11:11:01] [Render thread/DEBUG] [mixin/]: Mixing core.MixinButtonWidget from dsurround.mixins.json into net.minecraft.client.gui.components.Button
[11:11:01] [Realms Notification Availability checker #1/INFO] [mojang/RealmsClient]: Could not authorize you against Realms server: java.lang.RuntimeException: Failed to parse into SignedJWT: 0
[11:11:03] [Render thread/INFO] [dsurround/]: [DSURROUND] Creating RandomGenerator 'L64X128MixRandom'
[11:11:03] [Render thread/ERROR] [dsurround/]: [DSURROUND] Unable to create randomizer!
[11:11:03] [Render thread/ERROR] [dsurround/]: [DSURROUND] Exception: java.lang.IllegalArgumentException: No implementation of the random number generator algorithm "L64X128MixRandom" is available
[11:11:03] [Render thread/INFO] [dsurround/]: [DSURROUND] RandomGenerator factories available:
[11:11:03] [Render thread/INFO] [dsurround/]: [DSURROUND] Random
[11:11:03] [Render thread/INFO] [dsurround/]: [DSURROUND] SecureRandom
[11:11:03] [Render thread/INFO] [dsurround/]: [DSURROUND] SplittableRandom
[11:11:03] [Render thread/INFO] [dsurround/]: [DSURROUND] Falling back to Minecraft randomizer
[11:11:03] [Sound engine/DEBUG] [mixin/]: Mixing audio.MixinSource from dsurround.mixins.json into com.mojang.blaze3d.audio.Channel
[11:11:03] [Sound engine/DEBUG] [mixin/]: Mixing audio.MixinChannelHandleAccessor from dsurround.mixins.json into net.minecraft.client.sounds.ChannelAccess$ChannelHandle
[11:11:24] [Render thread/INFO] [dsurround/]: [DSURROUND] Play Music: minecraft:music.menu{newSystem false, range 16.000000}
[11:11:45] [Render thread/INFO] [dsurround/]: [DSURROUND] Play Music: minecraft:music.menu{newSystem false, range 16.000000}
[11:12:09] [Render thread/INFO] [dsurround/]: [DSURROUND] Play Music: minecraft:music.menu{newSystem false, range 16.000000}
[11:12:22] [Render thread/INFO] [dsurround/]: [DSURROUND] Play Music: minecraft:music.menu{newSystem false, range 16.000000}
[11:12:24] [Render thread/INFO] [dsurround/]: [DSURROUND] Play Music: minecraft:music.menu{newSystem false, range 16.000000}
[11:12:27] [Render thread/INFO] [dsurround/]: [DSURROUND] Play Music: minecraft:music.menu{newSystem false, range 16.000000}
[11:12:30] [Render thread/INFO] [dsurround/]: [DSURROUND] Play Music: minecraft:music.menu{newSystem false, range 16.000000}
[11:12:31] [Render thread/INFO] [dsurround/]: [DSURROUND] Play Music: minecraft:music.menu{newSystem false, range 16.000000}
[11:12:58] [Render thread/INFO] [dsurround/]: [DSURROUND] Play Music: minecraft:music.menu{newSystem false, range 16.000000}
[11:13:13] [Render thread/INFO] [dsurround/]: [DSURROUND] Play Music: minecraft:music.menu{newSystem false, range 16.000000}
[11:13:35] [Render thread/INFO] [dsurround/]: [DSURROUND] Play Music: minecraft:music.menu{newSystem false, range 16.000000}
[11:13:38] [Render thread/INFO] [dsurround/]: [DSURROUND] Play Music: minecraft:music.menu{newSystem false, range 16.000000}
[11:13:46] [Render thread/INFO] [ne.mi.re.GameData/REGISTRIES]: Injecting existing registry data into this CLIENT instance
[11:13:46] [Render thread/DEBUG] [ne.mi.re.ForgeRegistry/REGISTRIES]: Registry minecraft:block Sync: ACTIVE -> STAGING
[11:13:46] [Render thread/DEBUG] [ne.mi.re.ForgeRegistry/REGISTRIES]: Registry minecraft:fluid Sync: ACTIVE -> STAGING
[11:13:46] [Render thread/DEBUG] [ne.mi.re.ForgeRegistry/REGISTRIES]: Registry minecraft:item Sync: ACTIVE -> STAGING
[11:13:46] [Render thread/DEBUG] [ne.mi.re.ForgeRegistry/REGISTRIES]: Registry minecraft:mob_effect Sync: ACTIVE -> STAGING
[11:13:46] [Render thread/DEBUG] [ne.mi.re.ForgeRegistry/REGISTRIES]: Registry minecraft:sound_event Sync: ACTIVE -> STAGING
[11:13:46] [Render thread/DEBUG] [ne.mi.re.ForgeRegistry/REGISTRIES]: Registry minecraft:potion Sync: ACTIVE -> STAGING
[11:13:46] [Render thread/DEBUG] [ne.mi.re.ForgeRegistry/REGISTRIES]: Registry minecraft:enchantment Sync: ACTIVE -> STAGING
[11:13:46] [Render thread/DEBUG] [ne.mi.re.ForgeRegistry/REGISTRIES]: Registry minecraft:entity_type Sync: ACTIVE -> STAGING
[11:13:46] [Render thread/DEBUG] [ne.mi.re.ForgeRegistry/REGISTRIES]: Registry minecraft:block_entity_type Sync: ACTIVE -> STAGING
[11:13:46] [Render thread/DEBUG] [ne.mi.re.ForgeRegistry/REGISTRIES]: Registry minecraft:particle_type Sync: ACTIVE -> STAGING
[11:13:46] [Render thread/DEBUG] [ne.mi.re.ForgeRegistry/REGISTRIES]: Registry minecraft:menu Sync: ACTIVE -> STAGING
[11:13:46] [Render thread/DEBUG] [ne.mi.re.ForgeRegistry/REGISTRIES]: Registry minecraft:painting_variant Sync: ACTIVE -> STAGING
[11:13:46] [Render thread/DEBUG] [ne.mi.re.ForgeRegistry/REGISTRIES]: Registry minecraft:recipe_type Sync: ACTIVE -> STAGING
[11:13:46] [Render thread/DEBUG] [ne.mi.re.ForgeRegistry/REGISTRIES]: Registry minecraft:recipe_serializer Sync: ACTIVE -> STAGING
[11:13:46] [Render thread/DEBUG] [ne.mi.re.ForgeRegistry/REGISTRIES]: Registry minecraft:attribute Sync: ACTIVE -> STAGING
[11:13:46] [Render thread/DEBUG] [ne.mi.re.ForgeRegistry/REGISTRIES]: Registry minecraft:stat_type Sync: ACTIVE -> STAGING
[11:13:46] [Render thread/DEBUG] [ne.mi.re.ForgeRegistry/REGISTRIES]: Registry minecraft:command_argument_type Sync: ACTIVE -> STAGING
[11:13:46] [Render thread/DEBUG] [ne.mi.re.ForgeRegistry/REGISTRIES]: Registry minecraft:villager_profession Sync: ACTIVE -> STAGING
[11:13:46] [Render thread/DEBUG] [ne.mi.re.ForgeRegistry/REGISTRIES]: Registry minecraft:point_of_interest_type Sync: ACTIVE -> STAGING
[11:13:46] [Render thread/DEBUG] [ne.mi.re.ForgeRegistry/REGISTRIES]: Registry minecraft:memory_module_type Sync: ACTIVE -> STAGING
[11:13:46] [Render thread/DEBUG] [ne.mi.re.ForgeRegistry/REGISTRIES]: Registry minecraft:sensor_type Sync: ACTIVE -> STAGING
[11:13:46] [Render thread/DEBUG] [ne.mi.re.ForgeRegistry/REGISTRIES]: Registry minecraft:schedule Sync: ACTIVE -> STAGING
[11:13:46] [Render thread/DEBUG] [ne.mi.re.ForgeRegistry/REGISTRIES]: Registry minecraft:activity Sync: ACTIVE -> STAGING
[11:13:46] [Render thread/DEBUG] [ne.mi.re.ForgeRegistry/REGISTRIES]: Registry minecraft:worldgen/carver Sync: ACTIVE -> STAGING
[11:13:46] [Render thread/DEBUG] [ne.mi.re.ForgeRegistry/REGISTRIES]: Registry minecraft:worldgen/feature Sync: ACTIVE -> STAGING
[11:13:46] [Render thread/DEBUG] [ne.mi.re.ForgeRegistry/REGISTRIES]: Registry minecraft:chunk_status Sync: ACTIVE -> STAGING
[11:13:46] [Render thread/DEBUG] [ne.mi.re.ForgeRegistry/REGISTRIES]: Registry minecraft:worldgen/block_state_provider_type Sync: ACTIVE -> STAGING
[11:13:46] [Render thread/DEBUG] [ne.mi.re.ForgeRegistry/REGISTRIES]: Registry minecraft:worldgen/foliage_placer_type Sync: ACTIVE -> STAGING
[11:13:46] [Render thread/DEBUG] [ne.mi.re.ForgeRegistry/REGISTRIES]: Registry minecraft:worldgen/tree_decorator_type Sync: ACTIVE -> STAGING
[11:13:46] [Render thread/DEBUG] [ne.mi.re.ForgeRegistry/REGISTRIES]: Registry minecraft:worldgen/biome Sync: ACTIVE -> STAGING
[11:13:46] [Render thread/DEBUG] [ne.mi.re.ForgeRegistry/REGISTRIES]: Registry forge:entity_data_serializers Sync: ACTIVE -> STAGING
[11:13:46] [Render thread/DEBUG] [ne.mi.re.ForgeRegistry/REGISTRIES]: Registry forge:global_loot_modifier_serializers Sync: ACTIVE -> STAGING
[11:13:46] [Render thread/DEBUG] [ne.mi.re.ForgeRegistry/REGISTRIES]: Registry forge:biome_modifier_serializers Sync: ACTIVE -> STAGING
[11:13:46] [Render thread/DEBUG] [ne.mi.re.ForgeRegistry/REGISTRIES]: Registry forge:fluid_type Sync: ACTIVE -> STAGING
[11:13:46] [Render thread/DEBUG] [ne.mi.re.ForgeRegistry/REGISTRIES]: Registry forge:structure_modifier_serializers Sync: ACTIVE -> STAGING
[11:13:46] [Render thread/DEBUG] [ne.mi.re.ForgeRegistry/REGISTRIES]: Registry forge:holder_set_type Sync: ACTIVE -> STAGING
[11:13:46] [Render thread/DEBUG] [ne.mi.re.ForgeRegistry/REGISTRIES]: Registry forge:display_contexts Sync: ACTIVE -> STAGING
[11:13:47] [Render thread/DEBUG] [ne.mi.re.ObjectHolderRegistry/REGISTRIES]: Applying holder lookups
[11:13:47] [Render thread/DEBUG] [ne.mi.re.ObjectHolderRegistry/REGISTRIES]: Holder lookups applied
[11:13:47] [Render thread/DEBUG] [ne.mi.se.ServerLifecycleHooks/CORE]: Generating PackInfo named mod:mixinextras for mod file C:\Users\Administrator\.gradle\caches\modules-2\files-2.1\io.github.llamalad7\mixinextras-forge\0.3.5\f2663a1104ece46c821fa4f8b50a6c7738b68413\mixinextras-forge-0.3.5.jar
[11:13:47] [Render thread/DEBUG] [ne.mi.se.ServerLifecycleHooks/CORE]: Generating PackInfo named mod:forge for mod file /
[11:13:47] [Render thread/DEBUG] [ne.mi.se.ServerLifecycleHooks/CORE]: Generating PackInfo named mod:dsurround for mod file H:\MinecraftMods\DynamicSurroundingsFroge-1.20.1\build\resources\main
[11:13:48] [Render thread/DEBUG] [ne.mi.co.tr.CoreModBaseTransformer/COREMOD]: Transforming net/minecraft/server/commands/SummonCommand
[11:13:48] [Worker-Main-17/DEBUG] [ne.mi.co.tr.CoreModBaseTransformer/COREMOD]: Transforming net/minecraft/world/entity/raid/Raid
[11:13:49] [Render thread/INFO] [minecraft/RecipeManager]: Loaded 7 recipes
[11:13:49] [Render thread/INFO] [minecraft/AdvancementList]: Loaded 1271 advancements
[11:13:49] [Render thread/INFO] [dsurround/]: [DSURROUND] Refreshing lookup helper
[11:13:49] [Render thread/INFO] [dsurround/]: [DSURROUND] Resource reload - resetting configuration caches
[11:13:49] [Render thread/INFO] [dsurround/]: [DSURROUND] [ModConfigResourceFinder] Found 0 resources for path 'dsconfigs'
[11:13:49] [Render thread/INFO] [dsurround/]: [DSURROUND] [ModConfigResourceFinder] find() called with path: sound_factories.json
[11:13:49] [Render thread/INFO] [dsurround/]: [DSURROUND] [ModConfigResourceFinder] find() returning 0 results for path: sound_factories.json
[11:13:49] [Render thread/INFO] [dsurround/]: [DSURROUND] Number of SoundEvents cached: 1474
[11:13:49] [Render thread/INFO] [dsurround/]: [DSURROUND] Number of factories cached: 0
[11:13:49] [Render thread/INFO] [dsurround/]: [DSURROUND] [TagLibrary] Cache has 0 elements
[11:13:49] [Render thread/INFO] [dsurround/]: [DSURROUND] [ModConfigResourceFinder] find() called with path: biomes.json
[11:13:49] [Render thread/INFO] [dsurround/]: [DSURROUND] [ModConfigResourceFinder] find() returning 0 results for path: biomes.json
[11:13:49] [Render thread/INFO] [dsurround/]: [DSURROUND] [BiomeLibrary] 0 biome configs loaded; version is now 1
[11:13:49] [Render thread/INFO] [dsurround/]: [DSURROUND] [ModConfigResourceFinder] find() called with path: blocks.json
[11:13:49] [Render thread/INFO] [dsurround/]: [DSURROUND] [ModConfigResourceFinder] find() returning 0 results for path: blocks.json
[11:13:49] [Render thread/INFO] [dsurround/]: [DSURROUND] [BlockLibrary] 0 block configs loaded; version is now 1
[11:13:49] [Render thread/INFO] [dsurround/]: [DSURROUND] [EntityEffectLibrary] Configured; version is now 1
[11:13:49] [Render thread/INFO] [dsurround/]: [DSURROUND] [ModConfigResourceFinder] find() called with path: dimensions.json
[11:13:49] [Render thread/INFO] [dsurround/]: [DSURROUND] [ModConfigResourceFinder] find() returning 0 results for path: dimensions.json
[11:13:49] [Render thread/INFO] [dsurround/]: [DSURROUND] [DimensionLibrary] 0 dimension rules loaded; version is now 1
[11:13:50] [Render thread/DEBUG] [ne.mi.co.ForgeHooks/WP]: Gathering id map for writing to world save New World
[11:13:50] [Render thread/DEBUG] [ne.mi.co.ForgeHooks/WP]: ID Map collection complete New World
[11:13:50] [Server thread/INFO] [minecraft/IntegratedServer]: Starting integrated minecraft server version 1.20.1
[11:13:50] [Server thread/INFO] [minecraft/MinecraftServer]: Generating keypair
[11:13:50] [Server thread/DEBUG] [ne.mi.fm.co.ConfigTracker/CONFIG]: Loading configs type SERVER
[11:13:50] [Server thread/DEBUG] [ne.mi.fm.co.ConfigFileTypeHandler/CONFIG]: Built TOML config for .\saves\New World\serverconfig\forge-server.toml
[11:13:50] [Server thread/DEBUG] [ne.mi.fm.co.ConfigFileTypeHandler/CONFIG]: Loaded TOML config file .\saves\New World\serverconfig\forge-server.toml
[11:13:50] [Server thread/DEBUG] [ne.mi.fm.co.ConfigFileTypeHandler/CONFIG]: Watching TOML config file .\saves\New World\serverconfig\forge-server.toml for changes
[11:13:50] [Server thread/DEBUG] [ne.mi.co.ForgeConfig/FORGEMOD]: Loaded forge config file forge-server.toml
[11:13:50] [Server thread/DEBUG] [ne.mi.co.tr.CoreModBaseTransformer/COREMOD]: Transforming net/minecraft/world/level/levelgen/PhantomSpawner
[11:13:50] [Server thread/DEBUG] [ne.mi.co.tr.CoreModBaseTransformer/COREMOD]: Transforming net/minecraft/world/level/levelgen/PatrolSpawner
[11:13:50] [Server thread/DEBUG] [ne.mi.co.tr.CoreModBaseTransformer/COREMOD]: Transforming net/minecraft/world/entity/npc/CatSpawner
[11:13:50] [Server thread/DEBUG] [ne.mi.co.tr.CoreModBaseTransformer/COREMOD]: Transforming net/minecraft/world/entity/ai/village/VillageSiege
[11:13:51] [Server thread/INFO] [minecraft/MinecraftServer]: Preparing start region for dimension minecraft:overworld
[11:13:54] [Server thread/DEBUG] [ne.mi.co.tr.CoreModBaseTransformer/COREMOD]: Transforming net/minecraft/world/level/levelgen/structure/templatesystem/StructureTemplate
[11:13:57] [Render thread/INFO] [minecraft/LoggerChunkProgressListener]: 准备生成区域中：0%
[11:13:57] [Render thread/INFO] [minecraft/LoggerChunkProgressListener]: 准备生成区域中：0%
[11:13:57] [Render thread/INFO] [minecraft/LoggerChunkProgressListener]: 准备生成区域中：0%
[11:13:57] [Render thread/INFO] [minecraft/LoggerChunkProgressListener]: 准备生成区域中：0%
[11:13:57] [Render thread/INFO] [minecraft/LoggerChunkProgressListener]: 准备生成区域中：0%
[11:13:57] [Render thread/INFO] [minecraft/LoggerChunkProgressListener]: 准备生成区域中：0%
[11:13:57] [Render thread/INFO] [minecraft/LoggerChunkProgressListener]: 准备生成区域中：0%
[11:13:57] [Render thread/INFO] [minecraft/LoggerChunkProgressListener]: 准备生成区域中：0%
[11:13:57] [Render thread/INFO] [minecraft/LoggerChunkProgressListener]: 准备生成区域中：0%
[11:13:57] [Render thread/INFO] [minecraft/LoggerChunkProgressListener]: 准备生成区域中：0%
[11:13:57] [Render thread/INFO] [minecraft/LoggerChunkProgressListener]: 准备生成区域中：0%
[11:13:57] [Render thread/INFO] [minecraft/LoggerChunkProgressListener]: 准备生成区域中：0%
[11:13:57] [Render thread/INFO] [minecraft/LoggerChunkProgressListener]: 准备生成区域中：10%
[11:13:58] [Render thread/INFO] [minecraft/LoggerChunkProgressListener]: 准备生成区域中：63%
[11:13:58] [Server thread/INFO] [ne.mi.se.pe.PermissionAPI/]: Successfully initialized permission handler forge:default_handler
[11:13:58] [Render thread/INFO] [minecraft/LoggerChunkProgressListener]: Time elapsed: 6811 ms
[11:13:58] [Server thread/DEBUG] [io.ne.bu.AbstractByteBuf/]: -Dio.netty.buffer.checkAccessible: true
[11:13:58] [Server thread/DEBUG] [io.ne.bu.AbstractByteBuf/]: -Dio.netty.buffer.checkBounds: true
[11:13:58] [Server thread/DEBUG] [io.ne.ut.ResourceLeakDetectorFactory/]: Loaded default ResourceLeakDetector: io.netty.util.ResourceLeakDetector@2a19faff
[11:13:58] [Server thread/DEBUG] [ne.mi.co.tr.CoreModBaseTransformer/COREMOD]: Transforming net/minecraft/world/level/NaturalSpawner
[11:13:58] [Server thread/INFO] [WeatherGeneratorManager/]: [WEATHERGENERATORMANAGER] Created STANDARD weather generator for dimension minecraft:overworld
[11:13:58] [Server thread/INFO] [WeatherGeneratorManager/]: [WEATHERGENERATORMANAGER] Created VANILLA weather generator for dimension minecraft:the_nether
[11:13:58] [Server thread/INFO] [WeatherGeneratorManager/]: [WEATHERGENERATORMANAGER] Created VANILLA weather generator for dimension minecraft:the_end
[11:13:58] [Server thread/INFO] [minecraft/IntegratedServer]: Changing view distance to 12, from 10
[11:13:58] [Server thread/INFO] [minecraft/IntegratedServer]: Changing simulation distance to 12, from 0
[11:13:58] [Render thread/DEBUG] [io.ne.ch.MultithreadEventLoopGroup/]: -Dio.netty.eventLoopThreads: 48
[11:13:59] [Render thread/DEBUG] [io.ne.ut.in.InternalThreadLocalMap/]: -Dio.netty.threadLocalMap.stringBuilder.initialSize: 1024
[11:13:59] [Render thread/DEBUG] [io.ne.ut.in.InternalThreadLocalMap/]: -Dio.netty.threadLocalMap.stringBuilder.maxSize: 4096
[11:13:59] [Render thread/DEBUG] [io.ne.ch.ni.NioEventLoop/]: -Dio.netty.noKeySetOptimization: false
[11:13:59] [Render thread/DEBUG] [io.ne.ch.ni.NioEventLoop/]: -Dio.netty.selectorAutoRebuildThreshold: 512
[11:13:59] [Render thread/DEBUG] [io.ne.ut.in.PlatformDependent/]: org.jctools-core.MpscChunkedArrayQueue: available
[11:13:59] [Render thread/DEBUG] [io.ne.ch.DefaultChannelId/]: -Dio.netty.processId: 30764 (auto-detected)
[11:13:59] [Render thread/WARN] [io.ne.ut.in.SystemPropertyUtil/]: Unable to parse the boolean system property 'java.net.preferIPv6Addresses':system - using the default value: false
[11:13:59] [Render thread/DEBUG] [io.ne.ut.NetUtil/]: -Djava.net.preferIPv4Stack: false
[11:13:59] [Render thread/DEBUG] [io.ne.ut.NetUtil/]: -Djava.net.preferIPv6Addresses: false
[11:13:59] [Render thread/DEBUG] [io.ne.ut.NetUtilInitializations/]: Loopback interface: lo (Software Loopback Interface 1, 127.0.0.1)
[11:13:59] [Render thread/DEBUG] [io.ne.ut.NetUtil/]: Failed to get SOMAXCONN from sysctl and file \proc\sys\net\core\somaxconn. Default: 200
[11:13:59] [Render thread/DEBUG] [io.ne.ch.DefaultChannelId/]: -Dio.netty.machineId: 00:00:00:00:00:00:00:e0 (auto-detected)
[11:13:59] [Render thread/DEBUG] [io.ne.bu.PooledByteBufAllocator/]: -Dio.netty.allocator.numHeapArenas: 48
[11:13:59] [Render thread/DEBUG] [io.ne.bu.PooledByteBufAllocator/]: -Dio.netty.allocator.numDirectArenas: 48
[11:13:59] [Render thread/DEBUG] [io.ne.bu.PooledByteBufAllocator/]: -Dio.netty.allocator.pageSize: 8192
[11:13:59] [Render thread/DEBUG] [io.ne.bu.PooledByteBufAllocator/]: -Dio.netty.allocator.maxOrder: 9
[11:13:59] [Render thread/DEBUG] [io.ne.bu.PooledByteBufAllocator/]: -Dio.netty.allocator.chunkSize: 4194304
[11:13:59] [Render thread/DEBUG] [io.ne.bu.PooledByteBufAllocator/]: -Dio.netty.allocator.smallCacheSize: 256
[11:13:59] [Render thread/DEBUG] [io.ne.bu.PooledByteBufAllocator/]: -Dio.netty.allocator.normalCacheSize: 64
[11:13:59] [Render thread/DEBUG] [io.ne.bu.PooledByteBufAllocator/]: -Dio.netty.allocator.maxCachedBufferCapacity: 32768
[11:13:59] [Render thread/DEBUG] [io.ne.bu.PooledByteBufAllocator/]: -Dio.netty.allocator.cacheTrimInterval: 8192
[11:13:59] [Render thread/DEBUG] [io.ne.bu.PooledByteBufAllocator/]: -Dio.netty.allocator.cacheTrimIntervalMillis: 0
[11:13:59] [Render thread/DEBUG] [io.ne.bu.PooledByteBufAllocator/]: -Dio.netty.allocator.useCacheForAllThreads: false
[11:13:59] [Render thread/DEBUG] [io.ne.bu.PooledByteBufAllocator/]: -Dio.netty.allocator.maxCachedByteBuffersPerChunk: 1023
[11:13:59] [Render thread/DEBUG] [io.ne.bu.ByteBufUtil/]: -Dio.netty.allocator.type: pooled
[11:13:59] [Render thread/DEBUG] [io.ne.bu.ByteBufUtil/]: -Dio.netty.threadLocalDirectBufferSize: 0
[11:13:59] [Render thread/DEBUG] [io.ne.bu.ByteBufUtil/]: -Dio.netty.maxThreadLocalCharBufferSize: 16384
[11:13:59] [Netty Local Client IO #0/DEBUG] [ne.mi.ne.HandshakeHandler/FMLHANDSHAKE]: Starting local connection.
[11:13:59] [Netty Local Client IO #0/DEBUG] [io.ne.ut.Recycler/]: -Dio.netty.recycler.maxCapacityPerThread: 4096
[11:13:59] [Netty Local Client IO #0/DEBUG] [io.ne.ut.Recycler/]: -Dio.netty.recycler.ratio: 8
[11:13:59] [Netty Local Client IO #0/DEBUG] [io.ne.ut.Recycler/]: -Dio.netty.recycler.chunkSize: 32
[11:13:59] [Netty Local Client IO #0/DEBUG] [io.ne.ut.Recycler/]: -Dio.netty.recycler.blocking: false
[11:13:59] [Netty Server IO #1/DEBUG] [ne.mi.ne.HandshakeHandler/FMLHANDSHAKE]: Starting local connection.
[11:13:59] [Server thread/DEBUG] [ne.mi.ne.HandshakeHandler/FMLHANDSHAKE]: Sending ticking packet info 'net.minecraftforge.network.HandshakeMessages$S2CModData' to 'fml:handshake' sequence 0
[11:13:59] [Netty Local Client IO #0/DEBUG] [ne.mi.ne.LoginWrapper/FMLHANDSHAKE]: Recieved login wrapper packet event for channel fml:handshake with index 0
[11:13:59] [Server thread/DEBUG] [ne.mi.ne.HandshakeHandler/FMLHANDSHAKE]: Sending ticking packet info 'net.minecraftforge.network.HandshakeMessages$S2CModList' to 'fml:handshake' sequence 1
[11:13:59] [Netty Local Client IO #0/DEBUG] [ne.mi.ne.LoginWrapper/FMLHANDSHAKE]: Recieved login wrapper packet event for channel fml:handshake with index 1
[11:13:59] [Netty Local Client IO #0/DEBUG] [ne.mi.ne.HandshakeHandler/FMLHANDSHAKE]: Logging into server with mod list [minecraft, mixinextras, forge, dsurround]
[11:13:59] [Netty Local Client IO #0/DEBUG] [ne.mi.ne.NetworkRegistry/NETREGISTRY]: Channel 'fml:loginwrapper' : Version test of 'FML3' from server : ACCEPTED
[11:13:59] [Netty Local Client IO #0/DEBUG] [ne.mi.ne.NetworkRegistry/NETREGISTRY]: Channel 'forge:tier_sorting' : Version test of '1.0' from server : ACCEPTED
[11:13:59] [Netty Local Client IO #0/DEBUG] [ne.mi.ne.NetworkRegistry/NETREGISTRY]: Channel 'fml:handshake' : Version test of 'FML3' from server : ACCEPTED
[11:13:59] [Netty Local Client IO #0/DEBUG] [ne.mi.ne.NetworkRegistry/NETREGISTRY]: Channel 'dsurround:weather' : Version test of '1' from server : ACCEPTED
[11:13:59] [Netty Local Client IO #0/DEBUG] [ne.mi.ne.NetworkRegistry/NETREGISTRY]: Channel 'minecraft:unregister' : Version test of 'FML3' from server : ACCEPTED
[11:13:59] [Netty Local Client IO #0/DEBUG] [ne.mi.ne.NetworkRegistry/NETREGISTRY]: Channel 'fml:play' : Version test of 'FML3' from server : ACCEPTED
[11:13:59] [Netty Local Client IO #0/DEBUG] [ne.mi.ne.NetworkRegistry/NETREGISTRY]: Channel 'minecraft:register' : Version test of 'FML3' from server : ACCEPTED
[11:13:59] [Netty Local Client IO #0/DEBUG] [ne.mi.ne.NetworkRegistry/NETREGISTRY]: Channel 'forge:split' : Version test of '1.1' from server : ACCEPTED
[11:13:59] [Netty Local Client IO #0/DEBUG] [ne.mi.ne.NetworkRegistry/NETREGISTRY]: Accepting channel list from server
[11:13:59] [Netty Local Client IO #0/DEBUG] [ne.mi.ne.LoginWrapper/FMLHANDSHAKE]: Dispatching wrapped packet reply for channel fml:handshake with index 1
[11:13:59] [Netty Local Client IO #0/DEBUG] [ne.mi.ne.HandshakeHandler/FMLHANDSHAKE]: Accepted server connection
[11:13:59] [Netty Server IO #1/DEBUG] [ne.mi.ne.LoginWrapper/FMLHANDSHAKE]: Recieved login wrapper packet event for channel fml:handshake with index 1
[11:13:59] [Netty Server IO #1/DEBUG] [ne.mi.ne.HandshakeHandler/FMLHANDSHAKE]: Received client indexed reply 1 of type net.minecraftforge.network.HandshakeMessages$C2SModListReply
[11:13:59] [Netty Server IO #1/DEBUG] [ne.mi.ne.HandshakeHandler/FMLHANDSHAKE]: Received client connection with modlist [minecraft, mixinextras, forge, dsurround]
[11:13:59] [Netty Local Client IO #0/DEBUG] [ne.mi.ne.HandshakeHandler/REGISTRIES]: Expecting 19 registries: [minecraft:command_argument_type, minecraft:recipe_serializer, minecraft:sound_event, minecraft:particle_type, minecraft:villager_profession, minecraft:item, minecraft:potion, minecraft:painting_variant, forge:fluid_type, minecraft:block_entity_type, forge:display_contexts, minecraft:block, forge:entity_data_serializers, minecraft:mob_effect, minecraft:stat_type, minecraft:menu, minecraft:enchantment, minecraft:fluid, minecraft:entity_type]
[11:13:59] [Netty Server IO #1/DEBUG] [ne.mi.ne.NetworkRegistry/NETREGISTRY]: Channel 'fml:loginwrapper' : Version test of 'FML3' from client : ACCEPTED
[11:13:59] [Netty Server IO #1/DEBUG] [ne.mi.ne.NetworkRegistry/NETREGISTRY]: Channel 'forge:tier_sorting' : Version test of '1.0' from client : ACCEPTED
[11:13:59] [Netty Server IO #1/DEBUG] [ne.mi.ne.NetworkRegistry/NETREGISTRY]: Channel 'fml:handshake' : Version test of 'FML3' from client : ACCEPTED
[11:13:59] [Netty Server IO #1/DEBUG] [ne.mi.ne.NetworkRegistry/NETREGISTRY]: Channel 'dsurround:weather' : Version test of '1' from client : ACCEPTED
[11:13:59] [Netty Server IO #1/DEBUG] [ne.mi.ne.NetworkRegistry/NETREGISTRY]: Channel 'minecraft:unregister' : Version test of 'FML3' from client : ACCEPTED
[11:13:59] [Netty Server IO #1/DEBUG] [ne.mi.ne.NetworkRegistry/NETREGISTRY]: Channel 'fml:play' : Version test of 'FML3' from client : ACCEPTED
[11:13:59] [Netty Server IO #1/DEBUG] [ne.mi.ne.NetworkRegistry/NETREGISTRY]: Channel 'minecraft:register' : Version test of 'FML3' from client : ACCEPTED
[11:13:59] [Netty Server IO #1/DEBUG] [ne.mi.ne.NetworkRegistry/NETREGISTRY]: Channel 'forge:split' : Version test of '1.1' from client : ACCEPTED
[11:13:59] [Netty Server IO #1/DEBUG] [ne.mi.ne.NetworkRegistry/NETREGISTRY]: Accepting channel list from client
[11:13:59] [Netty Server IO #1/DEBUG] [ne.mi.ne.HandshakeHandler/FMLHANDSHAKE]: Accepted client connection mod list
[11:13:59] [Server thread/DEBUG] [ne.mi.ne.HandshakeHandler/FMLHANDSHAKE]: Sending ticking packet info 'Config forge-server.toml' to 'fml:handshake' sequence 2
[11:13:59] [Netty Local Client IO #0/DEBUG] [ne.mi.ne.LoginWrapper/FMLHANDSHAKE]: Recieved login wrapper packet event for channel fml:handshake with index 2
[11:13:59] [Netty Local Client IO #0/DEBUG] [ne.mi.ne.HandshakeHandler/FMLHANDSHAKE]: Received config sync from server
[11:13:59] [Netty Local Client IO #0/DEBUG] [ne.mi.ne.LoginWrapper/FMLHANDSHAKE]: Dispatching wrapped packet reply for channel fml:handshake with index 2
[11:13:59] [Netty Server IO #1/DEBUG] [ne.mi.ne.LoginWrapper/FMLHANDSHAKE]: Recieved login wrapper packet event for channel fml:handshake with index 2
[11:13:59] [Netty Server IO #1/DEBUG] [ne.mi.ne.HandshakeHandler/FMLHANDSHAKE]: Received client indexed reply 2 of type net.minecraftforge.network.HandshakeMessages$C2SAcknowledge
[11:13:59] [Netty Server IO #1/DEBUG] [ne.mi.ne.HandshakeHandler/FMLHANDSHAKE]: Received acknowledgement from client
[11:13:59] [Server thread/DEBUG] [ne.mi.ne.HandshakeHandler/FMLHANDSHAKE]: Handshake complete!
[11:13:59] [Netty Local Client IO #0/INFO] [ne.mi.ne.NetworkHooks/]: Connected to a modded server.
[11:13:59] [Server thread/INFO] [minecraft/PlayerList]: Dev[local:E:014b1a35] logged in with entity id 106 at (-204.01196026293593, 117.25681088638333, 409.3700878783378)
[11:13:59] [Render thread/DEBUG] [mixin/]: Mixing core.MixinClientWorldProperties from dsurround.mixins.json into net.minecraft.client.multiplayer.ClientLevel$ClientLevelData
[11:13:59] [Server thread/INFO] [minecraft/MinecraftServer]: Dev加入了游戏
[11:14:01] [Render thread/INFO] [dsurround/]: [DSURROUND] Tag sync event received - reloading libraries
[11:14:01] [Render thread/INFO] [dsurround/]: [DSURROUND] [ModConfigResourceFinder] Checking location: profundis:dsconfigs/biomes.json (path: dsconfigs/biomes.json)
[11:14:01] [Render thread/INFO] [dsurround/]: [DSURROUND] [ModConfigResourceFinder] Checking location: promenade:dsconfigs/biomes.json (path: dsconfigs/biomes.json)
[11:14:01] [Render thread/INFO] [dsurround/]: [DSURROUND] [ModConfigResourceFinder] Checking location: biomesoplenty:dsconfigs/biomes.json (path: dsconfigs/biomes.json)
[11:14:01] [Render thread/INFO] [dsurround/]: [DSURROUND] [ModConfigResourceFinder] Checking location: biomesoplenty:dsconfigs/tags/blocks/effects/brush_step.json (path: dsconfigs/tags/blocks/effects/brush_step.json)
[11:14:01] [Render thread/INFO] [dsurround/]: [DSURROUND] [ModConfigResourceFinder] Checking location: biomesoplenty:dsconfigs/tags/blocks/effects/straw_step.json (path: dsconfigs/tags/blocks/effects/straw_step.json)
[11:14:01] [Render thread/INFO] [dsurround/]: [DSURROUND] [ModConfigResourceFinder] Checking location: biomesoplenty:dsconfigs/tags/blocks/effects/watery_step.json (path: dsconfigs/tags/blocks/effects/watery_step.json)
[11:14:01] [Render thread/INFO] [dsurround/]: [DSURROUND] [ModConfigResourceFinder] Checking location: dsurround:dsconfigs/biomes.json (path: dsconfigs/biomes.json)
[11:14:01] [Render thread/INFO] [dsurround/]: [DSURROUND] [ModConfigResourceFinder] Checking location: dsurround:dsconfigs/blocks.json (path: dsconfigs/blocks.json)
[11:14:01] [Render thread/INFO] [dsurround/]: [DSURROUND] [ModConfigResourceFinder] Checking location: dsurround:dsconfigs/dimensions.json (path: dsconfigs/dimensions.json)
[11:14:01] [Render thread/INFO] [dsurround/]: [DSURROUND] [ModConfigResourceFinder] Checking location: dsurround:dsconfigs/sound_factories.json (path: dsconfigs/sound_factories.json)
[11:14:01] [Render thread/INFO] [dsurround/]: [DSURROUND] [ModConfigResourceFinder] Checking location: dsurround:dsconfigs/tags/blocks/effects/brush_step.json (path: dsconfigs/tags/blocks/effects/brush_step.json)
[11:14:01] [Render thread/INFO] [dsurround/]: [DSURROUND] [ModConfigResourceFinder] Checking location: dsurround:dsconfigs/tags/blocks/effects/fireflies.json (path: dsconfigs/tags/blocks/effects/fireflies.json)
[11:14:01] [Render thread/INFO] [dsurround/]: [DSURROUND] [ModConfigResourceFinder] Checking location: dsurround:dsconfigs/tags/blocks/effects/floor_squeaks.json (path: dsconfigs/tags/blocks/effects/floor_squeaks.json)
[11:14:01] [Render thread/INFO] [dsurround/]: [DSURROUND] [ModConfigResourceFinder] Checking location: dsurround:dsconfigs/tags/blocks/effects/heat_producers.json (path: dsconfigs/tags/blocks/effects/heat_producers.json)
[11:14:01] [Render thread/INFO] [dsurround/]: [DSURROUND] [ModConfigResourceFinder] Checking location: dsurround:dsconfigs/tags/blocks/effects/leaves_step.json (path: dsconfigs/tags/blocks/effects/leaves_step.json)
[11:14:01] [Render thread/INFO] [dsurround/]: [DSURROUND] [ModConfigResourceFinder] Checking location: dsurround:dsconfigs/tags/blocks/effects/steam_producers.json (path: dsconfigs/tags/blocks/effects/steam_producers.json)
[11:14:01] [Render thread/INFO] [dsurround/]: [DSURROUND] [ModConfigResourceFinder] Checking location: dsurround:dsconfigs/tags/blocks/effects/straw_step.json (path: dsconfigs/tags/blocks/effects/straw_step.json)
[11:14:01] [Render thread/INFO] [dsurround/]: [DSURROUND] [ModConfigResourceFinder] Checking location: dsurround:dsconfigs/tags/blocks/effects/watery_step.json (path: dsconfigs/tags/blocks/effects/watery_step.json)
[11:14:01] [Render thread/INFO] [dsurround/]: [DSURROUND] [ModConfigResourceFinder] Checking location: dsurround:dsconfigs/tags/blocks/occlusion/high.json (path: dsconfigs/tags/blocks/occlusion/high.json)
[11:14:01] [Render thread/INFO] [dsurround/]: [DSURROUND] [ModConfigResourceFinder] Checking location: dsurround:dsconfigs/tags/blocks/occlusion/low.json (path: dsconfigs/tags/blocks/occlusion/low.json)
[11:14:01] [Render thread/INFO] [dsurround/]: [DSURROUND] [ModConfigResourceFinder] Checking location: dsurround:dsconfigs/tags/blocks/occlusion/max.json (path: dsconfigs/tags/blocks/occlusion/max.json)
[11:14:01] [Render thread/INFO] [dsurround/]: [DSURROUND] [ModConfigResourceFinder] Checking location: dsurround:dsconfigs/tags/blocks/occlusion/medium.json (path: dsconfigs/tags/blocks/occlusion/medium.json)
[11:14:01] [Render thread/INFO] [dsurround/]: [DSURROUND] [ModConfigResourceFinder] Checking location: dsurround:dsconfigs/tags/blocks/occlusion/none.json (path: dsconfigs/tags/blocks/occlusion/none.json)
[11:14:01] [Render thread/INFO] [dsurround/]: [DSURROUND] [ModConfigResourceFinder] Checking location: dsurround:dsconfigs/tags/blocks/occlusion/very_high.json (path: dsconfigs/tags/blocks/occlusion/very_high.json)
[11:14:01] [Render thread/INFO] [dsurround/]: [DSURROUND] [ModConfigResourceFinder] Checking location: dsurround:dsconfigs/tags/blocks/occlusion/very_low.json (path: dsconfigs/tags/blocks/occlusion/very_low.json)
[11:14:01] [Render thread/INFO] [dsurround/]: [DSURROUND] [ModConfigResourceFinder] Checking location: dsurround:dsconfigs/tags/blocks/reflectance/high.json (path: dsconfigs/tags/blocks/reflectance/high.json)
[11:14:01] [Render thread/INFO] [dsurround/]: [DSURROUND] [ModConfigResourceFinder] Checking location: dsurround:dsconfigs/tags/blocks/reflectance/low.json (path: dsconfigs/tags/blocks/reflectance/low.json)
[11:14:01] [Render thread/INFO] [dsurround/]: [DSURROUND] [ModConfigResourceFinder] Checking location: dsurround:dsconfigs/tags/blocks/reflectance/max.json (path: dsconfigs/tags/blocks/reflectance/max.json)
[11:14:01] [Render thread/INFO] [dsurround/]: [DSURROUND] [ModConfigResourceFinder] Checking location: dsurround:dsconfigs/tags/blocks/reflectance/medium.json (path: dsconfigs/tags/blocks/reflectance/medium.json)
[11:14:01] [Render thread/INFO] [dsurround/]: [DSURROUND] [ModConfigResourceFinder] Checking location: dsurround:dsconfigs/tags/blocks/reflectance/none.json (path: dsconfigs/tags/blocks/reflectance/none.json)
[11:14:01] [Render thread/INFO] [dsurround/]: [DSURROUND] [ModConfigResourceFinder] Checking location: dsurround:dsconfigs/tags/blocks/reflectance/very_high.json (path: dsconfigs/tags/blocks/reflectance/very_high.json)
[11:14:01] [Render thread/INFO] [dsurround/]: [DSURROUND] [ModConfigResourceFinder] Checking location: dsurround:dsconfigs/tags/blocks/reflectance/very_low.json (path: dsconfigs/tags/blocks/reflectance/very_low.json)
[11:14:01] [Render thread/INFO] [dsurround/]: [DSURROUND] [ModConfigResourceFinder] Checking location: dsurround:dsconfigs/tags/entity_types/effects/bow_pull.json (path: dsconfigs/tags/entity_types/effects/bow_pull.json)
[11:14:01] [Render thread/INFO] [dsurround/]: [DSURROUND] [ModConfigResourceFinder] Checking location: dsurround:dsconfigs/tags/entity_types/effects/brush_step.json (path: dsconfigs/tags/entity_types/effects/brush_step.json)
[11:14:01] [Render thread/INFO] [dsurround/]: [DSURROUND] [ModConfigResourceFinder] Checking location: dsurround:dsconfigs/tags/entity_types/effects/frost_breath.json (path: dsconfigs/tags/entity_types/effects/frost_breath.json)
[11:14:01] [Render thread/INFO] [dsurround/]: [DSURROUND] [ModConfigResourceFinder] Checking location: dsurround:dsconfigs/tags/entity_types/effects/item_swing.json (path: dsconfigs/tags/entity_types/effects/item_swing.json)
[11:14:01] [Render thread/INFO] [dsurround/]: [DSURROUND] [ModConfigResourceFinder] Checking location: dsurround:dsconfigs/tags/entity_types/effects/toolbar.json (path: dsconfigs/tags/entity_types/effects/toolbar.json)
[11:14:01] [Render thread/INFO] [dsurround/]: [DSURROUND] [ModConfigResourceFinder] Checking location: dsurround:dsconfigs/tags/fluids/effects/waterfall_sounds.json (path: dsconfigs/tags/fluids/effects/waterfall_sounds.json)
[11:14:01] [Render thread/INFO] [dsurround/]: [DSURROUND] [ModConfigResourceFinder] Checking location: dsurround:dsconfigs/tags/fluids/effects/waterfall_sources.json (path: dsconfigs/tags/fluids/effects/waterfall_sources.json)
[11:14:01] [Render thread/INFO] [dsurround/]: [DSURROUND] [ModConfigResourceFinder] Checking location: dsurround:dsconfigs/tags/fluids/effects/water_ripples.json (path: dsconfigs/tags/fluids/effects/water_ripples.json)
[11:14:01] [Render thread/INFO] [dsurround/]: [DSURROUND] [ModConfigResourceFinder] Checking location: dsurround:dsconfigs/tags/items/effects/axes.json (path: dsconfigs/tags/items/effects/axes.json)
[11:14:01] [Render thread/INFO] [dsurround/]: [DSURROUND] [ModConfigResourceFinder] Checking location: dsurround:dsconfigs/tags/items/effects/books.json (path: dsconfigs/tags/items/effects/books.json)
[11:14:01] [Render thread/INFO] [dsurround/]: [DSURROUND] [ModConfigResourceFinder] Checking location: dsurround:dsconfigs/tags/items/effects/bows.json (path: dsconfigs/tags/items/effects/bows.json)
[11:14:01] [Render thread/INFO] [dsurround/]: [DSURROUND] [ModConfigResourceFinder] Checking location: dsurround:dsconfigs/tags/items/effects/clocks.json (path: dsconfigs/tags/items/effects/clocks.json)
[11:14:01] [Render thread/INFO] [dsurround/]: [DSURROUND] [ModConfigResourceFinder] Checking location: dsurround:dsconfigs/tags/items/effects/compasses.json (path: dsconfigs/tags/items/effects/compasses.json)
[11:14:01] [Render thread/INFO] [dsurround/]: [DSURROUND] [ModConfigResourceFinder] Checking location: dsurround:dsconfigs/tags/items/effects/crossbows.json (path: dsconfigs/tags/items/effects/crossbows.json)
[11:14:01] [Render thread/INFO] [dsurround/]: [DSURROUND] [ModConfigResourceFinder] Checking location: dsurround:dsconfigs/tags/items/effects/potions.json (path: dsconfigs/tags/items/effects/potions.json)
[11:14:01] [Render thread/INFO] [dsurround/]: [DSURROUND] [ModConfigResourceFinder] Checking location: dsurround:dsconfigs/tags/items/effects/shields.json (path: dsconfigs/tags/items/effects/shields.json)
[11:14:01] [Render thread/INFO] [dsurround/]: [DSURROUND] [ModConfigResourceFinder] Checking location: dsurround:dsconfigs/tags/items/effects/swords.json (path: dsconfigs/tags/items/effects/swords.json)
[11:14:01] [Render thread/INFO] [dsurround/]: [DSURROUND] [ModConfigResourceFinder] Checking location: dsurround:dsconfigs/tags/items/effects/tools.json (path: dsconfigs/tags/items/effects/tools.json)
[11:14:01] [Render thread/INFO] [dsurround/]: [DSURROUND] [ModConfigResourceFinder] Checking location: dsurround:dsconfigs/tags/items/entity_water_buckets.json (path: dsconfigs/tags/items/entity_water_buckets.json)
[11:14:01] [Render thread/INFO] [dsurround/]: [DSURROUND] [ModConfigResourceFinder] Checking location: dsurround:dsconfigs/tags/items/lava_buckets.json (path: dsconfigs/tags/items/lava_buckets.json)
[11:14:01] [Render thread/INFO] [dsurround/]: [DSURROUND] [ModConfigResourceFinder] Checking location: dsurround:dsconfigs/tags/items/milk_buckets.json (path: dsconfigs/tags/items/milk_buckets.json)
[11:14:01] [Render thread/INFO] [dsurround/]: [DSURROUND] [ModConfigResourceFinder] Checking location: dsurround:dsconfigs/tags/items/water_buckets.json (path: dsconfigs/tags/items/water_buckets.json)
[11:14:01] [Render thread/INFO] [dsurround/]: [DSURROUND] [ModConfigResourceFinder] Checking location: dsurround:dsconfigs/tags/worldgen/biome/aquatic.json (path: dsconfigs/tags/worldgen/biome/aquatic.json)
[11:14:01] [Render thread/INFO] [dsurround/]: [DSURROUND] [ModConfigResourceFinder] Checking location: dsurround:dsconfigs/tags/worldgen/biome/aquatic_icy.json (path: dsconfigs/tags/worldgen/biome/aquatic_icy.json)
[11:14:01] [Render thread/INFO] [dsurround/]: [DSURROUND] [ModConfigResourceFinder] Checking location: dsurround:dsconfigs/tags/worldgen/biome/badlands.json (path: dsconfigs/tags/worldgen/biome/badlands.json)
[11:14:01] [Render thread/INFO] [dsurround/]: [DSURROUND] [ModConfigResourceFinder] Checking location: dsurround:dsconfigs/tags/worldgen/biome/beach.json (path: dsconfigs/tags/worldgen/biome/beach.json)
[11:14:01] [Render thread/INFO] [dsurround/]: [DSURROUND] [ModConfigResourceFinder] Checking location: dsurround:dsconfigs/tags/worldgen/biome/birch_forest.json (path: dsconfigs/tags/worldgen/biome/birch_forest.json)
[11:14:01] [Render thread/INFO] [dsurround/]: [DSURROUND] [ModConfigResourceFinder] Checking location: dsurround:dsconfigs/tags/worldgen/biome/caves.json (path: dsconfigs/tags/worldgen/biome/caves.json)
[11:14:01] [Render thread/INFO] [dsurround/]: [DSURROUND] [ModConfigResourceFinder] Checking location: dsurround:dsconfigs/tags/worldgen/biome/climate_cold.json (path: dsconfigs/tags/worldgen/biome/climate_cold.json)
[11:14:01] [Render thread/INFO] [dsurround/]: [DSURROUND] [ModConfigResourceFinder] Checking location: dsurround:dsconfigs/tags/worldgen/biome/climate_dry.json (path: dsconfigs/tags/worldgen/biome/climate_dry.json)
[11:14:01] [Render thread/INFO] [dsurround/]: [DSURROUND] [ModConfigResourceFinder] Checking location: dsurround:dsconfigs/tags/worldgen/biome/climate_hot.json (path: dsconfigs/tags/worldgen/biome/climate_hot.json)
[11:14:01] [Render thread/INFO] [dsurround/]: [DSURROUND] [ModConfigResourceFinder] Checking location: dsurround:dsconfigs/tags/worldgen/biome/climate_temperate.json (path: dsconfigs/tags/worldgen/biome/climate_temperate.json)
[11:14:01] [Render thread/INFO] [dsurround/]: [DSURROUND] [ModConfigResourceFinder] Checking location: dsurround:dsconfigs/tags/worldgen/biome/climate_wet.json (path: dsconfigs/tags/worldgen/biome/climate_wet.json)
[11:14:01] [Render thread/INFO] [dsurround/]: [DSURROUND] [ModConfigResourceFinder] Checking location: dsurround:dsconfigs/tags/worldgen/biome/dead.json (path: dsconfigs/tags/worldgen/biome/dead.json)
[11:14:01] [Render thread/INFO] [dsurround/]: [DSURROUND] [ModConfigResourceFinder] Checking location: dsurround:dsconfigs/tags/worldgen/biome/deep_ocean.json (path: dsconfigs/tags/worldgen/biome/deep_ocean.json)
[11:14:01] [Render thread/INFO] [dsurround/]: [DSURROUND] [ModConfigResourceFinder] Checking location: dsurround:dsconfigs/tags/worldgen/biome/desert.json (path: dsconfigs/tags/worldgen/biome/desert.json)
[11:14:01] [Render thread/INFO] [dsurround/]: [DSURROUND] [ModConfigResourceFinder] Checking location: dsurround:dsconfigs/tags/worldgen/biome/end_islands.json (path: dsconfigs/tags/worldgen/biome/end_islands.json)
[11:14:01] [Render thread/INFO] [dsurround/]: [DSURROUND] [ModConfigResourceFinder] Checking location: dsurround:dsconfigs/tags/worldgen/biome/extreme_hills.json (path: dsconfigs/tags/worldgen/biome/extreme_hills.json)
[11:14:01] [Render thread/INFO] [dsurround/]: [DSURROUND] [ModConfigResourceFinder] Checking location: dsurround:dsconfigs/tags/worldgen/biome/floral.json (path: dsconfigs/tags/worldgen/biome/floral.json)
[11:14:01] [Render thread/INFO] [dsurround/]: [DSURROUND] [ModConfigResourceFinder] Checking location: dsurround:dsconfigs/tags/worldgen/biome/flower_forests.json (path: dsconfigs/tags/worldgen/biome/flower_forests.json)
[11:14:01] [Render thread/INFO] [dsurround/]: [DSURROUND] [ModConfigResourceFinder] Checking location: dsurround:dsconfigs/tags/worldgen/biome/forest.json (path: dsconfigs/tags/worldgen/biome/forest.json)
[11:14:01] [Render thread/INFO] [dsurround/]: [DSURROUND] [ModConfigResourceFinder] Checking location: dsurround:dsconfigs/tags/worldgen/biome/icy.json (path: dsconfigs/tags/worldgen/biome/icy.json)
[11:14:01] [Render thread/INFO] [dsurround/]: [DSURROUND] [ModConfigResourceFinder] Checking location: dsurround:dsconfigs/tags/worldgen/biome/in_nether.json (path: dsconfigs/tags/worldgen/biome/in_nether.json)
[11:14:01] [Render thread/INFO] [dsurround/]: [DSURROUND] [ModConfigResourceFinder] Checking location: dsurround:dsconfigs/tags/worldgen/biome/in_overworld.json (path: dsconfigs/tags/worldgen/biome/in_overworld.json)
[11:14:01] [Render thread/INFO] [dsurround/]: [DSURROUND] [ModConfigResourceFinder] Checking location: dsurround:dsconfigs/tags/worldgen/biome/in_the_end.json (path: dsconfigs/tags/worldgen/biome/in_the_end.json)
[11:14:01] [Render thread/INFO] [dsurround/]: [DSURROUND] [ModConfigResourceFinder] Checking location: dsurround:dsconfigs/tags/worldgen/biome/jungle.json (path: dsconfigs/tags/worldgen/biome/jungle.json)
[11:14:01] [Render thread/INFO] [dsurround/]: [DSURROUND] [ModConfigResourceFinder] Checking location: dsurround:dsconfigs/tags/worldgen/biome/lush.json (path: dsconfigs/tags/worldgen/biome/lush.json)
[11:14:01] [Render thread/INFO] [dsurround/]: [DSURROUND] [ModConfigResourceFinder] Checking location: dsurround:dsconfigs/tags/worldgen/biome/magical.json (path: dsconfigs/tags/worldgen/biome/magical.json)
[11:14:01] [Render thread/INFO] [dsurround/]: [DSURROUND] [ModConfigResourceFinder] Checking location: dsurround:dsconfigs/tags/worldgen/biome/mesa.json (path: dsconfigs/tags/worldgen/biome/mesa.json)
[11:14:01] [Render thread/INFO] [dsurround/]: [DSURROUND] [ModConfigResourceFinder] Checking location: dsurround:dsconfigs/tags/worldgen/biome/mountain.json (path: dsconfigs/tags/worldgen/biome/mountain.json)
[11:14:01] [Render thread/INFO] [dsurround/]: [DSURROUND] [ModConfigResourceFinder] Checking location: dsurround:dsconfigs/tags/worldgen/biome/mountain_peak.json (path: dsconfigs/tags/worldgen/biome/mountain_peak.json)
[11:14:01] [Render thread/INFO] [dsurround/]: [DSURROUND] [ModConfigResourceFinder] Checking location: dsurround:dsconfigs/tags/worldgen/biome/mountain_slope.json (path: dsconfigs/tags/worldgen/biome/mountain_slope.json)
[11:14:01] [Render thread/INFO] [dsurround/]: [DSURROUND] [ModConfigResourceFinder] Checking location: dsurround:dsconfigs/tags/worldgen/biome/mushroom.json (path: dsconfigs/tags/worldgen/biome/mushroom.json)
[11:14:01] [Render thread/INFO] [dsurround/]: [DSURROUND] [ModConfigResourceFinder] Checking location: dsurround:dsconfigs/tags/worldgen/biome/nether_forests.json (path: dsconfigs/tags/worldgen/biome/nether_forests.json)
[11:14:01] [Render thread/INFO] [dsurround/]: [DSURROUND] [ModConfigResourceFinder] Checking location: dsurround:dsconfigs/tags/worldgen/biome/ocean.json (path: dsconfigs/tags/worldgen/biome/ocean.json)
[11:14:01] [Render thread/INFO] [dsurround/]: [DSURROUND] [ModConfigResourceFinder] Checking location: dsurround:dsconfigs/tags/worldgen/biome/plains.json (path: dsconfigs/tags/worldgen/biome/plains.json)
[11:14:01] [Render thread/INFO] [dsurround/]: [DSURROUND] [ModConfigResourceFinder] Checking location: dsurround:dsconfigs/tags/worldgen/biome/rare.json (path: dsconfigs/tags/worldgen/biome/rare.json)
[11:14:01] [Render thread/INFO] [dsurround/]: [DSURROUND] [ModConfigResourceFinder] Checking location: dsurround:dsconfigs/tags/worldgen/biome/river.json (path: dsconfigs/tags/worldgen/biome/river.json)
[11:14:01] [Render thread/INFO] [dsurround/]: [DSURROUND] [ModConfigResourceFinder] Checking location: dsurround:dsconfigs/tags/worldgen/biome/sandy.json (path: dsconfigs/tags/worldgen/biome/sandy.json)
[11:14:01] [Render thread/INFO] [dsurround/]: [DSURROUND] [ModConfigResourceFinder] Checking location: dsurround:dsconfigs/tags/worldgen/biome/savanna.json (path: dsconfigs/tags/worldgen/biome/savanna.json)
[11:14:01] [Render thread/INFO] [dsurround/]: [DSURROUND] [ModConfigResourceFinder] Checking location: dsurround:dsconfigs/tags/worldgen/biome/shallow_ocean.json (path: dsconfigs/tags/worldgen/biome/shallow_ocean.json)
[11:14:01] [Render thread/INFO] [dsurround/]: [DSURROUND] [ModConfigResourceFinder] Checking location: dsurround:dsconfigs/tags/worldgen/biome/snowy.json (path: dsconfigs/tags/worldgen/biome/snowy.json)
[11:14:01] [Render thread/INFO] [dsurround/]: [DSURROUND] [ModConfigResourceFinder] Checking location: dsurround:dsconfigs/tags/worldgen/biome/snowy_plains.json (path: dsconfigs/tags/worldgen/biome/snowy_plains.json)
[11:14:01] [Render thread/INFO] [dsurround/]: [DSURROUND] [ModConfigResourceFinder] Checking location: dsurround:dsconfigs/tags/worldgen/biome/spooky.json (path: dsconfigs/tags/worldgen/biome/spooky.json)
[11:14:01] [Render thread/INFO] [dsurround/]: [DSURROUND] [ModConfigResourceFinder] Checking location: dsurround:dsconfigs/tags/worldgen/biome/stony_shores.json (path: dsconfigs/tags/worldgen/biome/stony_shores.json)
[11:14:01] [Render thread/INFO] [dsurround/]: [DSURROUND] [ModConfigResourceFinder] Checking location: dsurround:dsconfigs/tags/worldgen/biome/swamp.json (path: dsconfigs/tags/worldgen/biome/swamp.json)
[11:14:01] [Render thread/INFO] [dsurround/]: [DSURROUND] [ModConfigResourceFinder] Checking location: dsurround:dsconfigs/tags/worldgen/biome/taiga.json (path: dsconfigs/tags/worldgen/biome/taiga.json)
[11:14:01] [Render thread/INFO] [dsurround/]: [DSURROUND] [ModConfigResourceFinder] Checking location: dsurround:dsconfigs/tags/worldgen/biome/tree_coniferous.json (path: dsconfigs/tags/worldgen/biome/tree_coniferous.json)
[11:14:01] [Render thread/INFO] [dsurround/]: [DSURROUND] [ModConfigResourceFinder] Checking location: dsurround:dsconfigs/tags/worldgen/biome/tree_deciduous.json (path: dsconfigs/tags/worldgen/biome/tree_deciduous.json)
[11:14:01] [Render thread/INFO] [dsurround/]: [DSURROUND] [ModConfigResourceFinder] Checking location: dsurround:dsconfigs/tags/worldgen/biome/tree_jungle.json (path: dsconfigs/tags/worldgen/biome/tree_jungle.json)
[11:14:01] [Render thread/INFO] [dsurround/]: [DSURROUND] [ModConfigResourceFinder] Checking location: dsurround:dsconfigs/tags/worldgen/biome/tree_savanna.json (path: dsconfigs/tags/worldgen/biome/tree_savanna.json)
[11:14:01] [Render thread/INFO] [dsurround/]: [DSURROUND] [ModConfigResourceFinder] Checking location: dsurround:dsconfigs/tags/worldgen/biome/underground.json (path: dsconfigs/tags/worldgen/biome/underground.json)
[11:14:01] [Render thread/INFO] [dsurround/]: [DSURROUND] [ModConfigResourceFinder] Checking location: dsurround:dsconfigs/tags/worldgen/biome/vegetation_dense.json (path: dsconfigs/tags/worldgen/biome/vegetation_dense.json)
[11:14:01] [Render thread/INFO] [dsurround/]: [DSURROUND] [ModConfigResourceFinder] Checking location: dsurround:dsconfigs/tags/worldgen/biome/vegetation_sparse.json (path: dsconfigs/tags/worldgen/biome/vegetation_sparse.json)
[11:14:01] [Render thread/INFO] [dsurround/]: [DSURROUND] [ModConfigResourceFinder] Checking location: dsurround:dsconfigs/tags/worldgen/biome/void.json (path: dsconfigs/tags/worldgen/biome/void.json)
[11:14:01] [Render thread/INFO] [dsurround/]: [DSURROUND] [ModConfigResourceFinder] Checking location: dsurround:dsconfigs/tags/worldgen/biome/wasteland.json (path: dsconfigs/tags/worldgen/biome/wasteland.json)
[11:14:01] [Render thread/INFO] [dsurround/]: [DSURROUND] [ModConfigResourceFinder] Checking location: dsurround:dsconfigs/tags/worldgen/biome/windswept.json (path: dsconfigs/tags/worldgen/biome/windswept.json)
[11:14:01] [Render thread/INFO] [dsurround/]: [DSURROUND] [ModConfigResourceFinder] Checking location: natures_spirit:dsconfigs/biomes.json (path: dsconfigs/biomes.json)
[11:14:01] [Render thread/INFO] [dsurround/]: [DSURROUND] [ModConfigResourceFinder] Checking location: natures_spirit:dsconfigs/tags/worldgen/biome/windswept.json (path: dsconfigs/tags/worldgen/biome/windswept.json)
[11:14:01] [Render thread/INFO] [dsurround/]: [DSURROUND] [ModConfigResourceFinder] Found 111 resources for path 'dsconfigs'
[11:14:01] [Render thread/INFO] [dsurround/]: [DSURROUND] [ModConfigResourceFinder] - Resource: biomesoplenty:dsconfigs/biomes.json (path: dsconfigs/biomes.json, namespace: biomesoplenty)
[11:14:01] [Render thread/INFO] [dsurround/]: [DSURROUND] [ModConfigResourceFinder] - Resource: dsurround:dsconfigs/biomes.json (path: dsconfigs/biomes.json, namespace: dsurround)
[11:14:01] [Render thread/INFO] [dsurround/]: [DSURROUND] [ModConfigResourceFinder] - Resource: natures_spirit:dsconfigs/biomes.json (path: dsconfigs/biomes.json, namespace: natures_spirit)
[11:14:01] [Render thread/INFO] [dsurround/]: [DSURROUND] [ModConfigResourceFinder] - Resource: profundis:dsconfigs/biomes.json (path: dsconfigs/biomes.json, namespace: profundis)
[11:14:01] [Render thread/INFO] [dsurround/]: [DSURROUND] [ModConfigResourceFinder] - Resource: promenade:dsconfigs/biomes.json (path: dsconfigs/biomes.json, namespace: promenade)
[11:14:01] [Render thread/INFO] [dsurround/]: [DSURROUND] [ModConfigResourceFinder] - Resource: dsurround:dsconfigs/blocks.json (path: dsconfigs/blocks.json, namespace: dsurround)
[11:14:01] [Render thread/INFO] [dsurround/]: [DSURROUND] [ModConfigResourceFinder] - Resource: dsurround:dsconfigs/dimensions.json (path: dsconfigs/dimensions.json, namespace: dsurround)
[11:14:01] [Render thread/INFO] [dsurround/]: [DSURROUND] [ModConfigResourceFinder] - Resource: dsurround:dsconfigs/sound_factories.json (path: dsconfigs/sound_factories.json, namespace: dsurround)
[11:14:01] [Render thread/INFO] [dsurround/]: [DSURROUND] [ModConfigResourceFinder] - Resource: biomesoplenty:dsconfigs/tags/blocks/effects/brush_step.json (path: dsconfigs/tags/blocks/effects/brush_step.json, namespace: biomesoplenty)
[11:14:01] [Render thread/INFO] [dsurround/]: [DSURROUND] [ModConfigResourceFinder] - Resource: dsurround:dsconfigs/tags/blocks/effects/brush_step.json (path: dsconfigs/tags/blocks/effects/brush_step.json, namespace: dsurround)
[11:14:01] [Render thread/INFO] [dsurround/]: [DSURROUND] [ModConfigResourceFinder] - Resource: dsurround:dsconfigs/tags/blocks/effects/fireflies.json (path: dsconfigs/tags/blocks/effects/fireflies.json, namespace: dsurround)
[11:14:01] [Render thread/INFO] [dsurround/]: [DSURROUND] [ModConfigResourceFinder] - Resource: dsurround:dsconfigs/tags/blocks/effects/floor_squeaks.json (path: dsconfigs/tags/blocks/effects/floor_squeaks.json, namespace: dsurround)
[11:14:01] [Render thread/INFO] [dsurround/]: [DSURROUND] [ModConfigResourceFinder] - Resource: dsurround:dsconfigs/tags/blocks/effects/heat_producers.json (path: dsconfigs/tags/blocks/effects/heat_producers.json, namespace: dsurround)
[11:14:01] [Render thread/INFO] [dsurround/]: [DSURROUND] [ModConfigResourceFinder] - Resource: dsurround:dsconfigs/tags/blocks/effects/leaves_step.json (path: dsconfigs/tags/blocks/effects/leaves_step.json, namespace: dsurround)
[11:14:01] [Render thread/INFO] [dsurround/]: [DSURROUND] [ModConfigResourceFinder] - Resource: dsurround:dsconfigs/tags/blocks/effects/steam_producers.json (path: dsconfigs/tags/blocks/effects/steam_producers.json, namespace: dsurround)
[11:14:01] [Render thread/INFO] [dsurround/]: [DSURROUND] [ModConfigResourceFinder] - Resource: biomesoplenty:dsconfigs/tags/blocks/effects/straw_step.json (path: dsconfigs/tags/blocks/effects/straw_step.json, namespace: biomesoplenty)
[11:14:01] [Render thread/INFO] [dsurround/]: [DSURROUND] [ModConfigResourceFinder] - Resource: dsurround:dsconfigs/tags/blocks/effects/straw_step.json (path: dsconfigs/tags/blocks/effects/straw_step.json, namespace: dsurround)
[11:14:01] [Render thread/INFO] [dsurround/]: [DSURROUND] [ModConfigResourceFinder] - Resource: biomesoplenty:dsconfigs/tags/blocks/effects/watery_step.json (path: dsconfigs/tags/blocks/effects/watery_step.json, namespace: biomesoplenty)
[11:14:01] [Render thread/INFO] [dsurround/]: [DSURROUND] [ModConfigResourceFinder] - Resource: dsurround:dsconfigs/tags/blocks/effects/watery_step.json (path: dsconfigs/tags/blocks/effects/watery_step.json, namespace: dsurround)
[11:14:01] [Render thread/INFO] [dsurround/]: [DSURROUND] [ModConfigResourceFinder] - Resource: dsurround:dsconfigs/tags/blocks/occlusion/high.json (path: dsconfigs/tags/blocks/occlusion/high.json, namespace: dsurround)
[11:14:01] [Render thread/INFO] [dsurround/]: [DSURROUND] [ModConfigResourceFinder] - Resource: dsurround:dsconfigs/tags/blocks/occlusion/low.json (path: dsconfigs/tags/blocks/occlusion/low.json, namespace: dsurround)
[11:14:01] [Render thread/INFO] [dsurround/]: [DSURROUND] [ModConfigResourceFinder] - Resource: dsurround:dsconfigs/tags/blocks/occlusion/max.json (path: dsconfigs/tags/blocks/occlusion/max.json, namespace: dsurround)
[11:14:01] [Render thread/INFO] [dsurround/]: [DSURROUND] [ModConfigResourceFinder] - Resource: dsurround:dsconfigs/tags/blocks/occlusion/medium.json (path: dsconfigs/tags/blocks/occlusion/medium.json, namespace: dsurround)
[11:14:01] [Render thread/INFO] [dsurround/]: [DSURROUND] [ModConfigResourceFinder] - Resource: dsurround:dsconfigs/tags/blocks/occlusion/none.json (path: dsconfigs/tags/blocks/occlusion/none.json, namespace: dsurround)
[11:14:01] [Render thread/INFO] [dsurround/]: [DSURROUND] [ModConfigResourceFinder] - Resource: dsurround:dsconfigs/tags/blocks/occlusion/very_high.json (path: dsconfigs/tags/blocks/occlusion/very_high.json, namespace: dsurround)
[11:14:01] [Render thread/INFO] [dsurround/]: [DSURROUND] [ModConfigResourceFinder] - Resource: dsurround:dsconfigs/tags/blocks/occlusion/very_low.json (path: dsconfigs/tags/blocks/occlusion/very_low.json, namespace: dsurround)
[11:14:01] [Render thread/INFO] [dsurround/]: [DSURROUND] [ModConfigResourceFinder] - Resource: dsurround:dsconfigs/tags/blocks/reflectance/high.json (path: dsconfigs/tags/blocks/reflectance/high.json, namespace: dsurround)
[11:14:01] [Render thread/INFO] [dsurround/]: [DSURROUND] [ModConfigResourceFinder] - Resource: dsurround:dsconfigs/tags/blocks/reflectance/low.json (path: dsconfigs/tags/blocks/reflectance/low.json, namespace: dsurround)
[11:14:01] [Render thread/INFO] [dsurround/]: [DSURROUND] [ModConfigResourceFinder] - Resource: dsurround:dsconfigs/tags/blocks/reflectance/max.json (path: dsconfigs/tags/blocks/reflectance/max.json, namespace: dsurround)
[11:14:01] [Render thread/INFO] [dsurround/]: [DSURROUND] [ModConfigResourceFinder] - Resource: dsurround:dsconfigs/tags/blocks/reflectance/medium.json (path: dsconfigs/tags/blocks/reflectance/medium.json, namespace: dsurround)
[11:14:01] [Render thread/INFO] [dsurround/]: [DSURROUND] [ModConfigResourceFinder] - Resource: dsurround:dsconfigs/tags/blocks/reflectance/none.json (path: dsconfigs/tags/blocks/reflectance/none.json, namespace: dsurround)
[11:14:01] [Render thread/INFO] [dsurround/]: [DSURROUND] [ModConfigResourceFinder] - Resource: dsurround:dsconfigs/tags/blocks/reflectance/very_high.json (path: dsconfigs/tags/blocks/reflectance/very_high.json, namespace: dsurround)
[11:14:01] [Render thread/INFO] [dsurround/]: [DSURROUND] [ModConfigResourceFinder] - Resource: dsurround:dsconfigs/tags/blocks/reflectance/very_low.json (path: dsconfigs/tags/blocks/reflectance/very_low.json, namespace: dsurround)
[11:14:01] [Render thread/INFO] [dsurround/]: [DSURROUND] [ModConfigResourceFinder] - Resource: dsurround:dsconfigs/tags/entity_types/effects/bow_pull.json (path: dsconfigs/tags/entity_types/effects/bow_pull.json, namespace: dsurround)
[11:14:01] [Render thread/INFO] [dsurround/]: [DSURROUND] [ModConfigResourceFinder] - Resource: dsurround:dsconfigs/tags/entity_types/effects/brush_step.json (path: dsconfigs/tags/entity_types/effects/brush_step.json, namespace: dsurround)
[11:14:01] [Render thread/INFO] [dsurround/]: [DSURROUND] [ModConfigResourceFinder] - Resource: dsurround:dsconfigs/tags/entity_types/effects/frost_breath.json (path: dsconfigs/tags/entity_types/effects/frost_breath.json, namespace: dsurround)
[11:14:01] [Render thread/INFO] [dsurround/]: [DSURROUND] [ModConfigResourceFinder] - Resource: dsurround:dsconfigs/tags/entity_types/effects/item_swing.json (path: dsconfigs/tags/entity_types/effects/item_swing.json, namespace: dsurround)
[11:14:01] [Render thread/INFO] [dsurround/]: [DSURROUND] [ModConfigResourceFinder] - Resource: dsurround:dsconfigs/tags/entity_types/effects/toolbar.json (path: dsconfigs/tags/entity_types/effects/toolbar.json, namespace: dsurround)
[11:14:01] [Render thread/INFO] [dsurround/]: [DSURROUND] [ModConfigResourceFinder] - Resource: dsurround:dsconfigs/tags/fluids/effects/water_ripples.json (path: dsconfigs/tags/fluids/effects/water_ripples.json, namespace: dsurround)
[11:14:01] [Render thread/INFO] [dsurround/]: [DSURROUND] [ModConfigResourceFinder] - Resource: dsurround:dsconfigs/tags/fluids/effects/waterfall_sounds.json (path: dsconfigs/tags/fluids/effects/waterfall_sounds.json, namespace: dsurround)
[11:14:01] [Render thread/INFO] [dsurround/]: [DSURROUND] [ModConfigResourceFinder] - Resource: dsurround:dsconfigs/tags/fluids/effects/waterfall_sources.json (path: dsconfigs/tags/fluids/effects/waterfall_sources.json, namespace: dsurround)
[11:14:01] [Render thread/INFO] [dsurround/]: [DSURROUND] [ModConfigResourceFinder] - Resource: dsurround:dsconfigs/tags/items/effects/axes.json (path: dsconfigs/tags/items/effects/axes.json, namespace: dsurround)
[11:14:01] [Render thread/INFO] [dsurround/]: [DSURROUND] [ModConfigResourceFinder] - Resource: dsurround:dsconfigs/tags/items/effects/books.json (path: dsconfigs/tags/items/effects/books.json, namespace: dsurround)
[11:14:01] [Render thread/INFO] [dsurround/]: [DSURROUND] [ModConfigResourceFinder] - Resource: dsurround:dsconfigs/tags/items/effects/bows.json (path: dsconfigs/tags/items/effects/bows.json, namespace: dsurround)
[11:14:01] [Render thread/INFO] [dsurround/]: [DSURROUND] [ModConfigResourceFinder] - Resource: dsurround:dsconfigs/tags/items/effects/clocks.json (path: dsconfigs/tags/items/effects/clocks.json, namespace: dsurround)
[11:14:01] [Render thread/INFO] [dsurround/]: [DSURROUND] [ModConfigResourceFinder] - Resource: dsurround:dsconfigs/tags/items/effects/compasses.json (path: dsconfigs/tags/items/effects/compasses.json, namespace: dsurround)
[11:14:01] [Render thread/INFO] [dsurround/]: [DSURROUND] [ModConfigResourceFinder] - Resource: dsurround:dsconfigs/tags/items/effects/crossbows.json (path: dsconfigs/tags/items/effects/crossbows.json, namespace: dsurround)
[11:14:01] [Render thread/INFO] [dsurround/]: [DSURROUND] [ModConfigResourceFinder] - Resource: dsurround:dsconfigs/tags/items/effects/potions.json (path: dsconfigs/tags/items/effects/potions.json, namespace: dsurround)
[11:14:01] [Render thread/INFO] [dsurround/]: [DSURROUND] [ModConfigResourceFinder] - Resource: dsurround:dsconfigs/tags/items/effects/shields.json (path: dsconfigs/tags/items/effects/shields.json, namespace: dsurround)
[11:14:01] [Render thread/INFO] [dsurround/]: [DSURROUND] [ModConfigResourceFinder] - Resource: dsurround:dsconfigs/tags/items/effects/swords.json (path: dsconfigs/tags/items/effects/swords.json, namespace: dsurround)
[11:14:01] [Render thread/INFO] [dsurround/]: [DSURROUND] [ModConfigResourceFinder] - Resource: dsurround:dsconfigs/tags/items/effects/tools.json (path: dsconfigs/tags/items/effects/tools.json, namespace: dsurround)
[11:14:01] [Render thread/INFO] [dsurround/]: [DSURROUND] [ModConfigResourceFinder] - Resource: dsurround:dsconfigs/tags/items/entity_water_buckets.json (path: dsconfigs/tags/items/entity_water_buckets.json, namespace: dsurround)
[11:14:01] [Render thread/INFO] [dsurround/]: [DSURROUND] [ModConfigResourceFinder] - Resource: dsurround:dsconfigs/tags/items/lava_buckets.json (path: dsconfigs/tags/items/lava_buckets.json, namespace: dsurround)
[11:14:01] [Render thread/INFO] [dsurround/]: [DSURROUND] [ModConfigResourceFinder] - Resource: dsurround:dsconfigs/tags/items/milk_buckets.json (path: dsconfigs/tags/items/milk_buckets.json, namespace: dsurround)
[11:14:01] [Render thread/INFO] [dsurround/]: [DSURROUND] [ModConfigResourceFinder] - Resource: dsurround:dsconfigs/tags/items/water_buckets.json (path: dsconfigs/tags/items/water_buckets.json, namespace: dsurround)
[11:14:01] [Render thread/INFO] [dsurround/]: [DSURROUND] [ModConfigResourceFinder] - Resource: dsurround:dsconfigs/tags/worldgen/biome/aquatic.json (path: dsconfigs/tags/worldgen/biome/aquatic.json, namespace: dsurround)
[11:14:01] [Render thread/INFO] [dsurround/]: [DSURROUND] [ModConfigResourceFinder] - Resource: dsurround:dsconfigs/tags/worldgen/biome/aquatic_icy.json (path: dsconfigs/tags/worldgen/biome/aquatic_icy.json, namespace: dsurround)
[11:14:01] [Render thread/INFO] [dsurround/]: [DSURROUND] [ModConfigResourceFinder] - Resource: dsurround:dsconfigs/tags/worldgen/biome/badlands.json (path: dsconfigs/tags/worldgen/biome/badlands.json, namespace: dsurround)
[11:14:01] [Render thread/INFO] [dsurround/]: [DSURROUND] [ModConfigResourceFinder] - Resource: dsurround:dsconfigs/tags/worldgen/biome/beach.json (path: dsconfigs/tags/worldgen/biome/beach.json, namespace: dsurround)
[11:14:01] [Render thread/INFO] [dsurround/]: [DSURROUND] [ModConfigResourceFinder] - Resource: dsurround:dsconfigs/tags/worldgen/biome/birch_forest.json (path: dsconfigs/tags/worldgen/biome/birch_forest.json, namespace: dsurround)
[11:14:01] [Render thread/INFO] [dsurround/]: [DSURROUND] [ModConfigResourceFinder] - Resource: dsurround:dsconfigs/tags/worldgen/biome/caves.json (path: dsconfigs/tags/worldgen/biome/caves.json, namespace: dsurround)
[11:14:01] [Render thread/INFO] [dsurround/]: [DSURROUND] [ModConfigResourceFinder] - Resource: dsurround:dsconfigs/tags/worldgen/biome/climate_cold.json (path: dsconfigs/tags/worldgen/biome/climate_cold.json, namespace: dsurround)
[11:14:01] [Render thread/INFO] [dsurround/]: [DSURROUND] [ModConfigResourceFinder] - Resource: dsurround:dsconfigs/tags/worldgen/biome/climate_dry.json (path: dsconfigs/tags/worldgen/biome/climate_dry.json, namespace: dsurround)
[11:14:01] [Render thread/INFO] [dsurround/]: [DSURROUND] [ModConfigResourceFinder] - Resource: dsurround:dsconfigs/tags/worldgen/biome/climate_hot.json (path: dsconfigs/tags/worldgen/biome/climate_hot.json, namespace: dsurround)
[11:14:01] [Render thread/INFO] [dsurround/]: [DSURROUND] [ModConfigResourceFinder] - Resource: dsurround:dsconfigs/tags/worldgen/biome/climate_temperate.json (path: dsconfigs/tags/worldgen/biome/climate_temperate.json, namespace: dsurround)
[11:14:01] [Render thread/INFO] [dsurround/]: [DSURROUND] [ModConfigResourceFinder] - Resource: dsurround:dsconfigs/tags/worldgen/biome/climate_wet.json (path: dsconfigs/tags/worldgen/biome/climate_wet.json, namespace: dsurround)
[11:14:01] [Render thread/INFO] [dsurround/]: [DSURROUND] [ModConfigResourceFinder] - Resource: dsurround:dsconfigs/tags/worldgen/biome/dead.json (path: dsconfigs/tags/worldgen/biome/dead.json, namespace: dsurround)
[11:14:01] [Render thread/INFO] [dsurround/]: [DSURROUND] [ModConfigResourceFinder] - Resource: dsurround:dsconfigs/tags/worldgen/biome/deep_ocean.json (path: dsconfigs/tags/worldgen/biome/deep_ocean.json, namespace: dsurround)
[11:14:01] [Render thread/INFO] [dsurround/]: [DSURROUND] [ModConfigResourceFinder] - Resource: dsurround:dsconfigs/tags/worldgen/biome/desert.json (path: dsconfigs/tags/worldgen/biome/desert.json, namespace: dsurround)
[11:14:01] [Render thread/INFO] [dsurround/]: [DSURROUND] [ModConfigResourceFinder] - Resource: dsurround:dsconfigs/tags/worldgen/biome/end_islands.json (path: dsconfigs/tags/worldgen/biome/end_islands.json, namespace: dsurround)
[11:14:01] [Render thread/INFO] [dsurround/]: [DSURROUND] [ModConfigResourceFinder] - Resource: dsurround:dsconfigs/tags/worldgen/biome/extreme_hills.json (path: dsconfigs/tags/worldgen/biome/extreme_hills.json, namespace: dsurround)
[11:14:01] [Render thread/INFO] [dsurround/]: [DSURROUND] [ModConfigResourceFinder] - Resource: dsurround:dsconfigs/tags/worldgen/biome/floral.json (path: dsconfigs/tags/worldgen/biome/floral.json, namespace: dsurround)
[11:14:01] [Render thread/INFO] [dsurround/]: [DSURROUND] [ModConfigResourceFinder] - Resource: dsurround:dsconfigs/tags/worldgen/biome/flower_forests.json (path: dsconfigs/tags/worldgen/biome/flower_forests.json, namespace: dsurround)
[11:14:01] [Render thread/INFO] [dsurround/]: [DSURROUND] [ModConfigResourceFinder] - Resource: dsurround:dsconfigs/tags/worldgen/biome/forest.json (path: dsconfigs/tags/worldgen/biome/forest.json, namespace: dsurround)
[11:14:01] [Render thread/INFO] [dsurround/]: [DSURROUND] [ModConfigResourceFinder] - Resource: dsurround:dsconfigs/tags/worldgen/biome/icy.json (path: dsconfigs/tags/worldgen/biome/icy.json, namespace: dsurround)
[11:14:01] [Render thread/INFO] [dsurround/]: [DSURROUND] [ModConfigResourceFinder] - Resource: dsurround:dsconfigs/tags/worldgen/biome/in_nether.json (path: dsconfigs/tags/worldgen/biome/in_nether.json, namespace: dsurround)
[11:14:01] [Render thread/INFO] [dsurround/]: [DSURROUND] [ModConfigResourceFinder] - Resource: dsurround:dsconfigs/tags/worldgen/biome/in_overworld.json (path: dsconfigs/tags/worldgen/biome/in_overworld.json, namespace: dsurround)
[11:14:01] [Render thread/INFO] [dsurround/]: [DSURROUND] [ModConfigResourceFinder] - Resource: dsurround:dsconfigs/tags/worldgen/biome/in_the_end.json (path: dsconfigs/tags/worldgen/biome/in_the_end.json, namespace: dsurround)
[11:14:01] [Render thread/INFO] [dsurround/]: [DSURROUND] [ModConfigResourceFinder] - Resource: dsurround:dsconfigs/tags/worldgen/biome/jungle.json (path: dsconfigs/tags/worldgen/biome/jungle.json, namespace: dsurround)
[11:14:01] [Render thread/INFO] [dsurround/]: [DSURROUND] [ModConfigResourceFinder] - Resource: dsurround:dsconfigs/tags/worldgen/biome/lush.json (path: dsconfigs/tags/worldgen/biome/lush.json, namespace: dsurround)
[11:14:01] [Render thread/INFO] [dsurround/]: [DSURROUND] [ModConfigResourceFinder] - Resource: dsurround:dsconfigs/tags/worldgen/biome/magical.json (path: dsconfigs/tags/worldgen/biome/magical.json, namespace: dsurround)
[11:14:01] [Render thread/INFO] [dsurround/]: [DSURROUND] [ModConfigResourceFinder] - Resource: dsurround:dsconfigs/tags/worldgen/biome/mesa.json (path: dsconfigs/tags/worldgen/biome/mesa.json, namespace: dsurround)
[11:14:01] [Render thread/INFO] [dsurround/]: [DSURROUND] [ModConfigResourceFinder] - Resource: dsurround:dsconfigs/tags/worldgen/biome/mountain.json (path: dsconfigs/tags/worldgen/biome/mountain.json, namespace: dsurround)
[11:14:01] [Render thread/INFO] [dsurround/]: [DSURROUND] [ModConfigResourceFinder] - Resource: dsurround:dsconfigs/tags/worldgen/biome/mountain_peak.json (path: dsconfigs/tags/worldgen/biome/mountain_peak.json, namespace: dsurround)
[11:14:01] [Render thread/INFO] [dsurround/]: [DSURROUND] [ModConfigResourceFinder] - Resource: dsurround:dsconfigs/tags/worldgen/biome/mountain_slope.json (path: dsconfigs/tags/worldgen/biome/mountain_slope.json, namespace: dsurround)
[11:14:01] [Render thread/INFO] [dsurround/]: [DSURROUND] [ModConfigResourceFinder] - Resource: dsurround:dsconfigs/tags/worldgen/biome/mushroom.json (path: dsconfigs/tags/worldgen/biome/mushroom.json, namespace: dsurround)
[11:14:01] [Render thread/INFO] [dsurround/]: [DSURROUND] [ModConfigResourceFinder] - Resource: dsurround:dsconfigs/tags/worldgen/biome/nether_forests.json (path: dsconfigs/tags/worldgen/biome/nether_forests.json, namespace: dsurround)
[11:14:01] [Render thread/INFO] [dsurround/]: [DSURROUND] [ModConfigResourceFinder] - Resource: dsurround:dsconfigs/tags/worldgen/biome/ocean.json (path: dsconfigs/tags/worldgen/biome/ocean.json, namespace: dsurround)
[11:14:01] [Render thread/INFO] [dsurround/]: [DSURROUND] [ModConfigResourceFinder] - Resource: dsurround:dsconfigs/tags/worldgen/biome/plains.json (path: dsconfigs/tags/worldgen/biome/plains.json, namespace: dsurround)
[11:14:01] [Render thread/INFO] [dsurround/]: [DSURROUND] [ModConfigResourceFinder] - Resource: dsurround:dsconfigs/tags/worldgen/biome/rare.json (path: dsconfigs/tags/worldgen/biome/rare.json, namespace: dsurround)
[11:14:01] [Render thread/INFO] [dsurround/]: [DSURROUND] [ModConfigResourceFinder] - Resource: dsurround:dsconfigs/tags/worldgen/biome/river.json (path: dsconfigs/tags/worldgen/biome/river.json, namespace: dsurround)
[11:14:01] [Render thread/INFO] [dsurround/]: [DSURROUND] [ModConfigResourceFinder] - Resource: dsurround:dsconfigs/tags/worldgen/biome/sandy.json (path: dsconfigs/tags/worldgen/biome/sandy.json, namespace: dsurround)
[11:14:01] [Render thread/INFO] [dsurround/]: [DSURROUND] [ModConfigResourceFinder] - Resource: dsurround:dsconfigs/tags/worldgen/biome/savanna.json (path: dsconfigs/tags/worldgen/biome/savanna.json, namespace: dsurround)
[11:14:01] [Render thread/INFO] [dsurround/]: [DSURROUND] [ModConfigResourceFinder] - Resource: dsurround:dsconfigs/tags/worldgen/biome/shallow_ocean.json (path: dsconfigs/tags/worldgen/biome/shallow_ocean.json, namespace: dsurround)
[11:14:01] [Render thread/INFO] [dsurround/]: [DSURROUND] [ModConfigResourceFinder] - Resource: dsurround:dsconfigs/tags/worldgen/biome/snowy.json (path: dsconfigs/tags/worldgen/biome/snowy.json, namespace: dsurround)
[11:14:01] [Render thread/INFO] [dsurround/]: [DSURROUND] [ModConfigResourceFinder] - Resource: dsurround:dsconfigs/tags/worldgen/biome/snowy_plains.json (path: dsconfigs/tags/worldgen/biome/snowy_plains.json, namespace: dsurround)
[11:14:01] [Render thread/INFO] [dsurround/]: [DSURROUND] [ModConfigResourceFinder] - Resource: dsurround:dsconfigs/tags/worldgen/biome/spooky.json (path: dsconfigs/tags/worldgen/biome/spooky.json, namespace: dsurround)
[11:14:01] [Render thread/INFO] [dsurround/]: [DSURROUND] [ModConfigResourceFinder] - Resource: dsurround:dsconfigs/tags/worldgen/biome/stony_shores.json (path: dsconfigs/tags/worldgen/biome/stony_shores.json, namespace: dsurround)
[11:14:01] [Render thread/INFO] [dsurround/]: [DSURROUND] [ModConfigResourceFinder] - Resource: dsurround:dsconfigs/tags/worldgen/biome/swamp.json (path: dsconfigs/tags/worldgen/biome/swamp.json, namespace: dsurround)
[11:14:01] [Render thread/INFO] [dsurround/]: [DSURROUND] [ModConfigResourceFinder] - Resource: dsurround:dsconfigs/tags/worldgen/biome/taiga.json (path: dsconfigs/tags/worldgen/biome/taiga.json, namespace: dsurround)
[11:14:01] [Render thread/INFO] [dsurround/]: [DSURROUND] [ModConfigResourceFinder] - Resource: dsurround:dsconfigs/tags/worldgen/biome/tree_coniferous.json (path: dsconfigs/tags/worldgen/biome/tree_coniferous.json, namespace: dsurround)
[11:14:01] [Render thread/INFO] [dsurround/]: [DSURROUND] [ModConfigResourceFinder] - Resource: dsurround:dsconfigs/tags/worldgen/biome/tree_deciduous.json (path: dsconfigs/tags/worldgen/biome/tree_deciduous.json, namespace: dsurround)
[11:14:01] [Render thread/INFO] [dsurround/]: [DSURROUND] [ModConfigResourceFinder] - Resource: dsurround:dsconfigs/tags/worldgen/biome/tree_jungle.json (path: dsconfigs/tags/worldgen/biome/tree_jungle.json, namespace: dsurround)
[11:14:01] [Render thread/INFO] [dsurround/]: [DSURROUND] [ModConfigResourceFinder] - Resource: dsurround:dsconfigs/tags/worldgen/biome/tree_savanna.json (path: dsconfigs/tags/worldgen/biome/tree_savanna.json, namespace: dsurround)
[11:14:01] [Render thread/INFO] [dsurround/]: [DSURROUND] [ModConfigResourceFinder] - Resource: dsurround:dsconfigs/tags/worldgen/biome/underground.json (path: dsconfigs/tags/worldgen/biome/underground.json, namespace: dsurround)
[11:14:01] [Render thread/INFO] [dsurround/]: [DSURROUND] [ModConfigResourceFinder] - Resource: dsurround:dsconfigs/tags/worldgen/biome/vegetation_dense.json (path: dsconfigs/tags/worldgen/biome/vegetation_dense.json, namespace: dsurround)
[11:14:01] [Render thread/INFO] [dsurround/]: [DSURROUND] [ModConfigResourceFinder] - Resource: dsurround:dsconfigs/tags/worldgen/biome/vegetation_sparse.json (path: dsconfigs/tags/worldgen/biome/vegetation_sparse.json, namespace: dsurround)
[11:14:01] [Render thread/INFO] [dsurround/]: [DSURROUND] [ModConfigResourceFinder] - Resource: dsurround:dsconfigs/tags/worldgen/biome/void.json (path: dsconfigs/tags/worldgen/biome/void.json, namespace: dsurround)
[11:14:01] [Render thread/INFO] [dsurround/]: [DSURROUND] [ModConfigResourceFinder] - Resource: dsurround:dsconfigs/tags/worldgen/biome/wasteland.json (path: dsconfigs/tags/worldgen/biome/wasteland.json, namespace: dsurround)
[11:14:01] [Render thread/INFO] [dsurround/]: [DSURROUND] [ModConfigResourceFinder] - Resource: dsurround:dsconfigs/tags/worldgen/biome/windswept.json (path: dsconfigs/tags/worldgen/biome/windswept.json, namespace: dsurround)
[11:14:01] [Render thread/INFO] [dsurround/]: [DSURROUND] [ModConfigResourceFinder] - Resource: natures_spirit:dsconfigs/tags/worldgen/biome/windswept.json (path: dsconfigs/tags/worldgen/biome/windswept.json, namespace: natures_spirit)
[11:14:01] [Render thread/INFO] [dsurround/]: [DSURROUND] [SoundLibrary] received tag update notification with empty configs - forcing full reload
[11:14:01] [Render thread/INFO] [dsurround/]: [DSURROUND] [ModConfigResourceFinder] find() called with path: sound_factories.json
[11:14:01] [Render thread/INFO] [dsurround/]: [DSURROUND] [ModConfigResourceFinder] MATCH: dsconfigs/sound_factories.json ends with sound_factories.json
[11:14:01] [Render thread/INFO] [dsurround/]: [DSURROUND] [ModConfigResourceFinder] Read 6394 bytes from dsurround:dsconfigs/sound_factories.json
[11:14:01] [Render thread/INFO] [dsurround/]: [DSURROUND] [ModConfigResourceFinder] Successfully decoded dsurround:dsconfigs/sound_factories.json
[11:14:01] [Render thread/INFO] [dsurround/]: [DSURROUND] [ModConfigResourceFinder] find() returning 1 results for path: sound_factories.json
[11:14:01] [Render thread/INFO] [dsurround/]: [DSURROUND] Number of SoundEvents cached: 1558
[11:14:01] [Render thread/INFO] [dsurround/]: [DSURROUND] Number of factories cached: 33
[11:14:01] [Render thread/INFO] [dsurround/]: [DSURROUND] [TagLibrary] Cache has 0 elements
[11:14:01] [Render thread/INFO] [dsurround/]: [DSURROUND] [BiomeLibrary] received tag update notification with empty configs - forcing full reload
[11:14:01] [Render thread/INFO] [dsurround/]: [DSURROUND] [ModConfigResourceFinder] find() called with path: biomes.json
[11:14:01] [Render thread/INFO] [dsurround/]: [DSURROUND] [ModConfigResourceFinder] MATCH: dsconfigs/biomes.json ends with biomes.json
[11:14:01] [Render thread/INFO] [dsurround/]: [DSURROUND] [ModConfigResourceFinder] Read 164 bytes from biomesoplenty:dsconfigs/biomes.json
[11:14:01] [Render thread/INFO] [dsurround/]: [DSURROUND] [ModConfigResourceFinder] Successfully decoded biomesoplenty:dsconfigs/biomes.json
[11:14:01] [Render thread/INFO] [dsurround/]: [DSURROUND] [ModConfigResourceFinder] MATCH: dsconfigs/biomes.json ends with biomes.json
[11:14:01] [Render thread/INFO] [dsurround/]: [DSURROUND] [ModConfigResourceFinder] Read 12681 bytes from dsurround:dsconfigs/biomes.json
[11:14:01] [Render thread/INFO] [dsurround/]: [DSURROUND] [ModConfigResourceFinder] Successfully decoded dsurround:dsconfigs/biomes.json
[11:14:01] [Render thread/INFO] [dsurround/]: [DSURROUND] [ModConfigResourceFinder] MATCH: dsconfigs/biomes.json ends with biomes.json
[11:14:01] [Render thread/INFO] [dsurround/]: [DSURROUND] [ModConfigResourceFinder] Read 4469 bytes from natures_spirit:dsconfigs/biomes.json
[11:14:01] [Render thread/INFO] [dsurround/]: [DSURROUND] [ModConfigResourceFinder] Successfully decoded natures_spirit:dsconfigs/biomes.json
[11:14:01] [Render thread/INFO] [dsurround/]: [DSURROUND] [ModConfigResourceFinder] MATCH: dsconfigs/biomes.json ends with biomes.json
[11:14:01] [Render thread/INFO] [dsurround/]: [DSURROUND] [ModConfigResourceFinder] Read 1715 bytes from profundis:dsconfigs/biomes.json
[11:14:01] [Render thread/INFO] [dsurround/]: [DSURROUND] [ModConfigResourceFinder] Successfully decoded profundis:dsconfigs/biomes.json
[11:14:01] [Render thread/INFO] [dsurround/]: [DSURROUND] [ModConfigResourceFinder] MATCH: dsconfigs/biomes.json ends with biomes.json
[11:14:01] [Render thread/INFO] [dsurround/]: [DSURROUND] [ModConfigResourceFinder] Read 209 bytes from promenade:dsconfigs/biomes.json
[11:14:01] [Render thread/INFO] [dsurround/]: [DSURROUND] [ModConfigResourceFinder] Successfully decoded promenade:dsconfigs/biomes.json
[11:14:01] [Render thread/INFO] [dsurround/]: [DSURROUND] [ModConfigResourceFinder] find() returning 5 results for path: biomes.json
[11:14:01] [Render thread/INFO] [dsurround/]: [DSURROUND] [BiomeLibrary] 74 biome configs loaded; version is now 2
[11:14:01] [Render thread/INFO] [dsurround/]: [DSURROUND] [BlockLibrary] received tag update notification with empty configs - forcing full reload
[11:14:01] [Render thread/INFO] [dsurround/]: [DSURROUND] [ModConfigResourceFinder] find() called with path: blocks.json
[11:14:01] [Render thread/INFO] [dsurround/]: [DSURROUND] [ModConfigResourceFinder] MATCH: dsconfigs/blocks.json ends with blocks.json
[11:14:01] [Render thread/INFO] [dsurround/]: [DSURROUND] [ModConfigResourceFinder] Read 1769 bytes from dsurround:dsconfigs/blocks.json
[11:14:01] [Render thread/INFO] [dsurround/]: [DSURROUND] [ModConfigResourceFinder] Successfully decoded dsurround:dsconfigs/blocks.json
[11:14:01] [Render thread/INFO] [dsurround/]: [DSURROUND] [ModConfigResourceFinder] find() returning 1 results for path: blocks.json
[11:14:01] [Render thread/INFO] [dsurround/]: [DSURROUND] [BlockLibrary] 8 block configs loaded; version is now 2
[11:14:01] [Render thread/INFO] [dsurround/]: [DSURROUND] [ItemLibrary] Configured; version is now 1
[11:14:01] [Render thread/INFO] [dsurround/]: [DSURROUND] [EntityEffectLibrary] received tag update notification with empty configs - forcing full reload
[11:14:01] [Render thread/INFO] [dsurround/]: [DSURROUND] [EntityEffectLibrary] Configured; version is now 2
[11:14:01] [Render thread/INFO] [dsurround/]: [DSURROUND] [DimensionLibrary] received tag update notification with empty configs - forcing full reload
[11:14:01] [Render thread/INFO] [dsurround/]: [DSURROUND] [ModConfigResourceFinder] find() called with path: dimensions.json
[11:14:01] [Render thread/INFO] [dsurround/]: [DSURROUND] [ModConfigResourceFinder] MATCH: dsconfigs/dimensions.json ends with dimensions.json
[11:14:01] [Render thread/INFO] [dsurround/]: [DSURROUND] [ModConfigResourceFinder] Read 266 bytes from dsurround:dsconfigs/dimensions.json
[11:14:01] [Render thread/INFO] [dsurround/]: [DSURROUND] [ModConfigResourceFinder] Successfully decoded dsurround:dsconfigs/dimensions.json
[11:14:01] [Render thread/INFO] [dsurround/]: [DSURROUND] [ModConfigResourceFinder] find() returning 1 results for path: dimensions.json
[11:14:01] [Render thread/INFO] [dsurround/]: [DSURROUND] [DimensionLibrary] 3 dimension rules loaded; version is now 2
[11:14:01] [Render thread/WARN] [minecraft/ClientPacketListener]: Ignoring chat session from Dev due to missing Services public key
[11:14:01] [Render thread/INFO] [minecraft/AdvancementList]: Loaded 26 advancements
[11:14:01] [Render thread/DEBUG] [mixin/]: Mixing core.MixinRaycastContextAccessor from dsurround.mixins.json into net.minecraft.world.level.ClipContext
[11:14:01] [Render thread/INFO] [dsurround/]: [DSURROUND] Player instance is now present
[11:14:01] [Render thread/INFO] [dsurround/]: [DSURROUND] Repopulating tag cache
[11:14:01] [Render thread/INFO] [dsurround/]: [DSURROUND] [ModConfigResourceFinder] find() called with path: tags/worldgen/biome/magical.json
[11:14:01] [Render thread/INFO] [dsurround/]: [DSURROUND] [ModConfigResourceFinder] MATCH: dsconfigs/tags/worldgen/biome/magical.json ends with tags/worldgen/biome/magical.json
[11:14:01] [Render thread/INFO] [dsurround/]: [DSURROUND] [ModConfigResourceFinder] Read 118 bytes from dsurround:dsconfigs/tags/worldgen/biome/magical.json
[11:14:01] [Render thread/INFO] [dsurround/]: [DSURROUND] [ModConfigResourceFinder] Successfully decoded dsurround:dsconfigs/tags/worldgen/biome/magical.json
[11:14:01] [Render thread/INFO] [dsurround/]: [DSURROUND] [ModConfigResourceFinder] find() returning 1 results for path: tags/worldgen/biome/magical.json
[11:14:01] [Render thread/INFO] [dsurround/]: [DSURROUND] [ModConfigResourceFinder] find() called with path: tags/entity_types/effects/toolbar.json
[11:14:01] [Render thread/INFO] [dsurround/]: [DSURROUND] [ModConfigResourceFinder] MATCH: dsconfigs/tags/entity_types/effects/toolbar.json ends with tags/entity_types/effects/toolbar.json
[11:14:01] [Render thread/INFO] [dsurround/]: [DSURROUND] [ModConfigResourceFinder] Read 48 bytes from dsurround:dsconfigs/tags/entity_types/effects/toolbar.json
[11:14:01] [Render thread/INFO] [dsurround/]: [DSURROUND] [ModConfigResourceFinder] Successfully decoded dsurround:dsconfigs/tags/entity_types/effects/toolbar.json
[11:14:01] [Render thread/INFO] [dsurround/]: [DSURROUND] [ModConfigResourceFinder] find() returning 1 results for path: tags/entity_types/effects/toolbar.json
[11:14:01] [Render thread/INFO] [dsurround/]: [DSURROUND] [ModConfigResourceFinder] find() called with path: tags/worldgen/biome/jungle.json
[11:14:01] [Render thread/INFO] [dsurround/]: [DSURROUND] [ModConfigResourceFinder] MATCH: dsconfigs/tags/worldgen/biome/jungle.json ends with tags/worldgen/biome/jungle.json
[11:14:01] [Render thread/INFO] [dsurround/]: [DSURROUND] [ModConfigResourceFinder] Read 110 bytes from dsurround:dsconfigs/tags/worldgen/biome/jungle.json
[11:14:01] [Render thread/INFO] [dsurround/]: [DSURROUND] [ModConfigResourceFinder] Successfully decoded dsurround:dsconfigs/tags/worldgen/biome/jungle.json
[11:14:01] [Render thread/INFO] [dsurround/]: [DSURROUND] [ModConfigResourceFinder] find() returning 1 results for path: tags/worldgen/biome/jungle.json
[11:14:01] [Render thread/INFO] [dsurround/]: [DSURROUND] [ModConfigResourceFinder] find() called with path: tags/items/effects/books.json
[11:14:01] [Render thread/INFO] [dsurround/]: [DSURROUND] [ModConfigResourceFinder] MATCH: dsconfigs/tags/items/effects/books.json ends with tags/items/effects/books.json
[11:14:01] [Render thread/INFO] [dsurround/]: [DSURROUND] [ModConfigResourceFinder] Read 58 bytes from dsurround:dsconfigs/tags/items/effects/books.json
[11:14:01] [Render thread/INFO] [dsurround/]: [DSURROUND] [ModConfigResourceFinder] Successfully decoded dsurround:dsconfigs/tags/items/effects/books.json
[11:14:01] [Render thread/INFO] [dsurround/]: [DSURROUND] [ModConfigResourceFinder] find() returning 1 results for path: tags/items/effects/books.json
[11:14:01] [Render thread/INFO] [dsurround/]: [DSURROUND] [ModConfigResourceFinder] find() called with path: tags/blocks/reflectance/none.json
[11:14:01] [Render thread/INFO] [dsurround/]: [DSURROUND] [ModConfigResourceFinder] MATCH: dsconfigs/tags/blocks/reflectance/none.json ends with tags/blocks/reflectance/none.json
[11:14:01] [Render thread/INFO] [dsurround/]: [DSURROUND] [ModConfigResourceFinder] Read 51 bytes from dsurround:dsconfigs/tags/blocks/reflectance/none.json
[11:14:01] [Render thread/INFO] [dsurround/]: [DSURROUND] [ModConfigResourceFinder] Successfully decoded dsurround:dsconfigs/tags/blocks/reflectance/none.json
[11:14:01] [Render thread/INFO] [dsurround/]: [DSURROUND] [ModConfigResourceFinder] find() returning 1 results for path: tags/blocks/reflectance/none.json
[11:14:01] [Render thread/INFO] [dsurround/]: [DSURROUND] [ModConfigResourceFinder] find() called with path: tags/blocks/reflectance/very_low.json
[11:14:01] [Render thread/INFO] [dsurround/]: [DSURROUND] [ModConfigResourceFinder] MATCH: dsconfigs/tags/blocks/reflectance/very_low.json ends with tags/blocks/reflectance/very_low.json
[11:14:01] [Render thread/INFO] [dsurround/]: [DSURROUND] [ModConfigResourceFinder] Read 76 bytes from dsurround:dsconfigs/tags/blocks/reflectance/very_low.json
[11:14:01] [Render thread/INFO] [dsurround/]: [DSURROUND] [ModConfigResourceFinder] Successfully decoded dsurround:dsconfigs/tags/blocks/reflectance/very_low.json
[11:14:01] [Render thread/INFO] [dsurround/]: [DSURROUND] [ModConfigResourceFinder] find() returning 1 results for path: tags/blocks/reflectance/very_low.json
[11:14:01] [Render thread/INFO] [dsurround/]: [DSURROUND] [ModConfigResourceFinder] find() called with path: tags/items/entity_water_buckets.json
[11:14:01] [Render thread/INFO] [dsurround/]: [DSURROUND] [ModConfigResourceFinder] MATCH: dsconfigs/tags/items/entity_water_buckets.json ends with tags/items/entity_water_buckets.json
[11:14:01] [Render thread/INFO] [dsurround/]: [DSURROUND] [ModConfigResourceFinder] Read 103 bytes from dsurround:dsconfigs/tags/items/entity_water_buckets.json
[11:14:01] [Render thread/INFO] [dsurround/]: [DSURROUND] [ModConfigResourceFinder] Successfully decoded dsurround:dsconfigs/tags/items/entity_water_buckets.json
[11:14:01] [Render thread/INFO] [dsurround/]: [DSURROUND] [ModConfigResourceFinder] find() returning 1 results for path: tags/items/entity_water_buckets.json
[11:14:01] [Render thread/INFO] [dsurround/]: [DSURROUND] [ModConfigResourceFinder] find() called with path: tags/items/effects/compasses.json
[11:14:01] [Render thread/INFO] [dsurround/]: [DSURROUND] [ModConfigResourceFinder] MATCH: dsconfigs/tags/items/effects/compasses.json ends with tags/items/effects/compasses.json
[11:14:01] [Render thread/INFO] [dsurround/]: [DSURROUND] [ModConfigResourceFinder] Read 49 bytes from dsurround:dsconfigs/tags/items/effects/compasses.json
[11:14:01] [Render thread/INFO] [dsurround/]: [DSURROUND] [ModConfigResourceFinder] Successfully decoded dsurround:dsconfigs/tags/items/effects/compasses.json
[11:14:01] [Render thread/INFO] [dsurround/]: [DSURROUND] [ModConfigResourceFinder] find() returning 1 results for path: tags/items/effects/compasses.json
[11:14:01] [Render thread/INFO] [dsurround/]: [DSURROUND] [ModConfigResourceFinder] find() called with path: tags/blocks/effects/steam_producers.json
[11:14:01] [Render thread/INFO] [dsurround/]: [DSURROUND] [ModConfigResourceFinder] MATCH: dsconfigs/tags/blocks/effects/steam_producers.json ends with tags/blocks/effects/steam_producers.json
[11:14:01] [Render thread/INFO] [dsurround/]: [DSURROUND] [ModConfigResourceFinder] Read 112 bytes from dsurround:dsconfigs/tags/blocks/effects/steam_producers.json
[11:14:01] [Render thread/INFO] [dsurround/]: [DSURROUND] [ModConfigResourceFinder] Successfully decoded dsurround:dsconfigs/tags/blocks/effects/steam_producers.json
[11:14:01] [Render thread/INFO] [dsurround/]: [DSURROUND] [ModConfigResourceFinder] find() returning 1 results for path: tags/blocks/effects/steam_producers.json
[11:14:01] [Render thread/INFO] [dsurround/]: [DSURROUND] [ModConfigResourceFinder] find() called with path: tags/fluids/effects/waterfall_sources.json
[11:14:01] [Render thread/INFO] [dsurround/]: [DSURROUND] [ModConfigResourceFinder] MATCH: dsconfigs/tags/fluids/effects/waterfall_sources.json ends with tags/fluids/effects/waterfall_sources.json
[11:14:01] [Render thread/INFO] [dsurround/]: [DSURROUND] [ModConfigResourceFinder] Read 79 bytes from dsurround:dsconfigs/tags/fluids/effects/waterfall_sources.json
[11:14:01] [Render thread/INFO] [dsurround/]: [DSURROUND] [ModConfigResourceFinder] Successfully decoded dsurround:dsconfigs/tags/fluids/effects/waterfall_sources.json
[11:14:01] [Render thread/INFO] [dsurround/]: [DSURROUND] [ModConfigResourceFinder] find() returning 1 results for path: tags/fluids/effects/waterfall_sources.json
[11:14:01] [Render thread/INFO] [dsurround/]: [DSURROUND] [ModConfigResourceFinder] find() called with path: tags/entity_types/effects/frost_breath.json
[11:14:01] [Render thread/INFO] [dsurround/]: [DSURROUND] [ModConfigResourceFinder] MATCH: dsconfigs/tags/entity_types/effects/frost_breath.json ends with tags/entity_types/effects/frost_breath.json
[11:14:01] [Render thread/INFO] [dsurround/]: [DSURROUND] [ModConfigResourceFinder] Read 102 bytes from dsurround:dsconfigs/tags/entity_types/effects/frost_breath.json
[11:14:01] [Render thread/INFO] [dsurround/]: [DSURROUND] [ModConfigResourceFinder] Successfully decoded dsurround:dsconfigs/tags/entity_types/effects/frost_breath.json
[11:14:01] [Render thread/INFO] [dsurround/]: [DSURROUND] [ModConfigResourceFinder] find() returning 1 results for path: tags/entity_types/effects/frost_breath.json
[11:14:01] [Render thread/INFO] [dsurround/]: [DSURROUND] [ModConfigResourceFinder] find() called with path: tags/items/effects/axes.json
[11:14:01] [Render thread/INFO] [dsurround/]: [DSURROUND] [ModConfigResourceFinder] MATCH: dsconfigs/tags/items/effects/axes.json ends with tags/items/effects/axes.json
[11:14:01] [Render thread/INFO] [dsurround/]: [DSURROUND] [ModConfigResourceFinder] Read 227 bytes from dsurround:dsconfigs/tags/items/effects/axes.json
[11:14:01] [Render thread/INFO] [dsurround/]: [DSURROUND] [ModConfigResourceFinder] Successfully decoded dsurround:dsconfigs/tags/items/effects/axes.json
[11:14:01] [Render thread/INFO] [dsurround/]: [DSURROUND] [ModConfigResourceFinder] find() returning 1 results for path: tags/items/effects/axes.json
[11:14:01] [Render thread/INFO] [dsurround/]: [DSURROUND] [ModConfigResourceFinder] find() called with path: tags/fluids/effects/waterfall_sounds.json
[11:14:01] [Render thread/INFO] [dsurround/]: [DSURROUND] [ModConfigResourceFinder] MATCH: dsconfigs/tags/fluids/effects/waterfall_sounds.json ends with tags/fluids/effects/waterfall_sounds.json
[11:14:01] [Render thread/INFO] [dsurround/]: [DSURROUND] [ModConfigResourceFinder] Read 79 bytes from dsurround:dsconfigs/tags/fluids/effects/waterfall_sounds.json
[11:14:01] [Render thread/INFO] [dsurround/]: [DSURROUND] [ModConfigResourceFinder] Successfully decoded dsurround:dsconfigs/tags/fluids/effects/waterfall_sounds.json
[11:14:01] [Render thread/INFO] [dsurround/]: [DSURROUND] [ModConfigResourceFinder] find() returning 1 results for path: tags/fluids/effects/waterfall_sounds.json
[11:14:01] [Render thread/INFO] [dsurround/]: [DSURROUND] [ModConfigResourceFinder] find() called with path: tags/items/effects/clocks.json
[11:14:01] [Render thread/INFO] [dsurround/]: [DSURROUND] [ModConfigResourceFinder] MATCH: dsconfigs/tags/items/effects/clocks.json ends with tags/items/effects/clocks.json
[11:14:01] [Render thread/INFO] [dsurround/]: [DSURROUND] [ModConfigResourceFinder] Read 47 bytes from dsurround:dsconfigs/tags/items/effects/clocks.json
[11:14:01] [Worker-Main-5/WARN] [mojang/YggdrasilMinecraftSessionService]: Couldn't look up profile properties for com.mojang.authlib.GameProfile@7a2aed9c[id=380df991-f603-344c-a090-369bad2a924a,name=Dev,properties={},legacy=false]
com.mojang.authlib.exceptions.AuthenticationUnavailableException: Cannot contact authentication server
	at com.mojang.authlib.yggdrasil.YggdrasilAuthenticationService.makeRequest(YggdrasilAuthenticationService.java:119) ~[authlib-4.0.43.jar%23106!/:?] {}
	at com.mojang.authlib.yggdrasil.YggdrasilAuthenticationService.makeRequest(YggdrasilAuthenticationService.java:91) ~[authlib-4.0.43.jar%23106!/:?] {}
	at com.mojang.authlib.yggdrasil.YggdrasilMinecraftSessionService.fillGameProfile(YggdrasilMinecraftSessionService.java:175) ~[authlib-4.0.43.jar%23106!/:?] {}
	at com.mojang.authlib.yggdrasil.YggdrasilMinecraftSessionService$1.load(YggdrasilMinecraftSessionService.java:51) ~[authlib-4.0.43.jar%23106!/:?] {}
	at com.mojang.authlib.yggdrasil.YggdrasilMinecraftSessionService$1.load(YggdrasilMinecraftSessionService.java:48) ~[authlib-4.0.43.jar%23106!/:?] {}
	at com.google.common.cache.LocalCache$LoadingValueReference.loadFuture(LocalCache.java:3533) ~[guava-31.1-jre.jar%23110!/:?] {}
	at com.google.common.cache.LocalCache$Segment.loadSync(LocalCache.java:2282) ~[guava-31.1-jre.jar%23110!/:?] {}
	at com.google.common.cache.LocalCache$Segment.lockedGetOrLoad(LocalCache.java:2159) ~[guava-31.1-jre.jar%23110!/:?] {}
	at com.google.common.cache.LocalCache$Segment.get(LocalCache.java:2049) ~[guava-31.1-jre.jar%23110!/:?] {}
	at com.google.common.cache.LocalCache.get(LocalCache.java:3966) ~[guava-31.1-jre.jar%23110!/:?] {}
	at com.google.common.cache.LocalCache.getOrLoad(LocalCache.java:3989) ~[guava-31.1-jre.jar%23110!/:?] {}
	at com.google.common.cache.LocalCache$LocalLoadingCache.get(LocalCache.java:4950) ~[guava-31.1-jre.jar%23110!/:?] {}
	at com.google.common.cache.LocalCache$LocalLoadingCache.getUnchecked(LocalCache.java:4956) ~[guava-31.1-jre.jar%23110!/:?] {}
	at com.mojang.authlib.yggdrasil.YggdrasilMinecraftSessionService.fillProfileProperties(YggdrasilMinecraftSessionService.java:149) ~[authlib-4.0.43.jar%23106!/:?] {}
	at net.minecraft.client.Minecraft.getProfileProperties(Minecraft.java:2438) ~[forge-1.20.1-47.1.3_mapped_official_1.20.1-recomp.jar%23191!/:?] {re:mixin,pl:accesstransformer:B,pl:runtimedistcleaner:A,re:classloading,pl:accesstransformer:B,pl:mixin:A,pl:runtimedistcleaner:A}
	at net.minecraft.client.resources.SkinManager.lambda$registerSkins$4(SkinManager.java:117) ~[forge-1.20.1-47.1.3_mapped_official_1.20.1-recomp.jar%23191!/:?] {re:classloading,pl:runtimedistcleaner:A}
	at java.util.concurrent.ForkJoinTask$RunnableExecuteAction.exec(ForkJoinTask.java:1395) ~[?:?] {}
	at java.util.concurrent.ForkJoinTask.doExec(ForkJoinTask.java:373) ~[?:?] {}
	at java.util.concurrent.ForkJoinPool$WorkQueue.topLevelExec(ForkJoinPool.java:1182) ~[?:?] {}
	at java.util.concurrent.ForkJoinPool.scan(ForkJoinPool.java:1655) ~[?:?] {}
	at java.util.concurrent.ForkJoinPool.runWorker(ForkJoinPool.java:1622) ~[?:?] {}
	at java.util.concurrent.ForkJoinWorkerThread.run(ForkJoinWorkerThread.java:165) ~[?:?] {}
Caused by: java.net.SocketException: Connection reset
	at sun.nio.ch.NioSocketImpl.implRead(NioSocketImpl.java:328) ~[?:?] {}
	at sun.nio.ch.NioSocketImpl.read(NioSocketImpl.java:355) ~[?:?] {}
	at sun.nio.ch.NioSocketImpl$1.read(NioSocketImpl.java:808) ~[?:?] {}
	at java.net.Socket$SocketInputStream.read(Socket.java:966) ~[?:?] {}
	at sun.security.ssl.SSLSocketInputRecord.read(SSLSocketInputRecord.java:484) ~[?:?] {}
	at sun.security.ssl.SSLSocketInputRecord.readHeader(SSLSocketInputRecord.java:478) ~[?:?] {}
	at sun.security.ssl.SSLSocketInputRecord.decode(SSLSocketInputRecord.java:160) ~[?:?] {}
	at sun.security.ssl.SSLTransport.decode(SSLTransport.java:111) ~[?:?] {}
	at sun.security.ssl.SSLSocketImpl.decode(SSLSocketImpl.java:1510) ~[?:?] {}
	at sun.security.ssl.SSLSocketImpl.readHandshakeRecord(SSLSocketImpl.java:1425) ~[?:?] {}
	at sun.security.ssl.SSLSocketImpl.startHandshake(SSLSocketImpl.java:455) ~[?:?] {}
	at sun.security.ssl.SSLSocketImpl.startHandshake(SSLSocketImpl.java:426) ~[?:?] {}
	at sun.net.www.protocol.https.HttpsClient.afterConnect(HttpsClient.java:589) ~[?:?] {}
	at sun.net.www.protocol.https.AbstractDelegateHttpsURLConnection.connect(AbstractDelegateHttpsURLConnection.java:187) ~[?:?] {}
	at sun.net.www.protocol.http.HttpURLConnection.getInputStream0(HttpURLConnection.java:1717) ~[?:?] {}
	at sun.net.www.protocol.http.HttpURLConnection.getInputStream(HttpURLConnection.java:1641) ~[?:?] {}
	at sun.net.www.protocol.https.HttpsURLConnectionImpl.getInputStream(HttpsURLConnectionImpl.java:224) ~[?:?] {}
	at com.mojang.authlib.HttpAuthenticationService.performGetRequest(HttpAuthenticationService.java:140) ~[authlib-4.0.43.jar%23106!/:?] {}
	at com.mojang.authlib.yggdrasil.YggdrasilAuthenticationService.makeRequest(YggdrasilAuthenticationService.java:96) ~[authlib-4.0.43.jar%23106!/:?] {}
	... 21 more
[11:14:01] [Render thread/INFO] [dsurround/]: [DSURROUND] [ModConfigResourceFinder] Successfully decoded dsurround:dsconfigs/tags/items/effects/clocks.json
[11:14:01] [Render thread/INFO] [dsurround/]: [DSURROUND] [ModConfigResourceFinder] find() returning 1 results for path: tags/items/effects/clocks.json
[11:14:01] [Render thread/INFO] [dsurround/]: [DSURROUND] [ModConfigResourceFinder] find() called with path: tags/items/effects/shields.json
[11:14:01] [Render thread/INFO] [dsurround/]: [DSURROUND] [ModConfigResourceFinder] MATCH: dsconfigs/tags/items/effects/shields.json ends with tags/items/effects/shields.json
[11:14:01] [Render thread/INFO] [dsurround/]: [DSURROUND] [ModConfigResourceFinder] Read 167 bytes from dsurround:dsconfigs/tags/items/effects/shields.json
[11:14:01] [Render thread/INFO] [dsurround/]: [DSURROUND] [ModConfigResourceFinder] Successfully decoded dsurround:dsconfigs/tags/items/effects/shields.json
[11:14:01] [Render thread/INFO] [dsurround/]: [DSURROUND] [ModConfigResourceFinder] find() returning 1 results for path: tags/items/effects/shields.json
[11:14:01] [Render thread/INFO] [dsurround/]: [DSURROUND] [ModConfigResourceFinder] find() called with path: tags/worldgen/biome/mushroom.json
[11:14:01] [Render thread/INFO] [dsurround/]: [DSURROUND] [ModConfigResourceFinder] MATCH: dsconfigs/tags/worldgen/biome/mushroom.json ends with tags/worldgen/biome/mushroom.json
[11:14:01] [Render thread/INFO] [dsurround/]: [DSURROUND] [ModConfigResourceFinder] Read 187 bytes from dsurround:dsconfigs/tags/worldgen/biome/mushroom.json
[11:14:01] [Render thread/INFO] [dsurround/]: [DSURROUND] [ModConfigResourceFinder] Successfully decoded dsurround:dsconfigs/tags/worldgen/biome/mushroom.json
[11:14:01] [Render thread/INFO] [dsurround/]: [DSURROUND] [ModConfigResourceFinder] find() returning 1 results for path: tags/worldgen/biome/mushroom.json
[11:14:01] [Render thread/INFO] [dsurround/]: [DSURROUND] [ModConfigResourceFinder] find() called with path: tags/worldgen/biome/nether_forests.json
[11:14:01] [Render thread/INFO] [dsurround/]: [DSURROUND] [ModConfigResourceFinder] MATCH: dsconfigs/tags/worldgen/biome/nether_forests.json ends with tags/worldgen/biome/nether_forests.json
[11:14:01] [Render thread/INFO] [dsurround/]: [DSURROUND] [ModConfigResourceFinder] Read 118 bytes from dsurround:dsconfigs/tags/worldgen/biome/nether_forests.json
[11:14:01] [Render thread/INFO] [dsurround/]: [DSURROUND] [ModConfigResourceFinder] Successfully decoded dsurround:dsconfigs/tags/worldgen/biome/nether_forests.json
[11:14:01] [Render thread/INFO] [dsurround/]: [DSURROUND] [ModConfigResourceFinder] find() returning 1 results for path: tags/worldgen/biome/nether_forests.json
[11:14:01] [Render thread/INFO] [dsurround/]: [DSURROUND] [ModConfigResourceFinder] find() called with path: tags/worldgen/biome/in_the_end.json
[11:14:01] [Render thread/INFO] [dsurround/]: [DSURROUND] [ModConfigResourceFinder] MATCH: dsconfigs/tags/worldgen/biome/in_the_end.json ends with tags/worldgen/biome/in_the_end.json
[11:14:01] [Render thread/INFO] [dsurround/]: [DSURROUND] [ModConfigResourceFinder] Read 114 bytes from dsurround:dsconfigs/tags/worldgen/biome/in_the_end.json
[11:14:01] [Render thread/INFO] [dsurround/]: [DSURROUND] [ModConfigResourceFinder] Successfully decoded dsurround:dsconfigs/tags/worldgen/biome/in_the_end.json
[11:14:01] [Render thread/INFO] [dsurround/]: [DSURROUND] [ModConfigResourceFinder] find() returning 1 results for path: tags/worldgen/biome/in_the_end.json
[11:14:01] [Render thread/INFO] [dsurround/]: [DSURROUND] [ModConfigResourceFinder] find() called with path: tags/entity_types/effects/item_swing.json
[11:14:01] [Render thread/INFO] [dsurround/]: [DSURROUND] [ModConfigResourceFinder] MATCH: dsconfigs/tags/entity_types/effects/item_swing.json ends with tags/entity_types/effects/item_swing.json
[11:14:01] [Render thread/INFO] [dsurround/]: [DSURROUND] [ModConfigResourceFinder] Read 202 bytes from dsurround:dsconfigs/tags/entity_types/effects/item_swing.json
[11:14:01] [Render thread/INFO] [dsurround/]: [DSURROUND] [ModConfigResourceFinder] Successfully decoded dsurround:dsconfigs/tags/entity_types/effects/item_swing.json
[11:14:01] [Render thread/INFO] [dsurround/]: [DSURROUND] [ModConfigResourceFinder] find() returning 1 results for path: tags/entity_types/effects/item_swing.json
[11:14:01] [Render thread/INFO] [dsurround/]: [DSURROUND] [ModConfigResourceFinder] find() called with path: tags/worldgen/biome/deep_ocean.json
[11:14:01] [Render thread/INFO] [dsurround/]: [DSURROUND] [ModConfigResourceFinder] MATCH: dsconfigs/tags/worldgen/biome/deep_ocean.json ends with tags/worldgen/biome/deep_ocean.json
[11:14:01] [Render thread/INFO] [dsurround/]: [DSURROUND] [ModConfigResourceFinder] Read 114 bytes from dsurround:dsconfigs/tags/worldgen/biome/deep_ocean.json
[11:14:01] [Render thread/INFO] [dsurround/]: [DSURROUND] [ModConfigResourceFinder] Successfully decoded dsurround:dsconfigs/tags/worldgen/biome/deep_ocean.json
[11:14:01] [Render thread/INFO] [dsurround/]: [DSURROUND] [ModConfigResourceFinder] find() returning 1 results for path: tags/worldgen/biome/deep_ocean.json
[11:14:01] [Render thread/INFO] [dsurround/]: [DSURROUND] [ModConfigResourceFinder] find() called with path: tags/worldgen/biome/tree_jungle.json
[11:14:01] [Render thread/INFO] [dsurround/]: [DSURROUND] [ModConfigResourceFinder] MATCH: dsconfigs/tags/worldgen/biome/tree_jungle.json ends with tags/worldgen/biome/tree_jungle.json
[11:14:01] [Render thread/INFO] [dsurround/]: [DSURROUND] [ModConfigResourceFinder] Read 115 bytes from dsurround:dsconfigs/tags/worldgen/biome/tree_jungle.json
[11:14:01] [Render thread/INFO] [dsurround/]: [DSURROUND] [ModConfigResourceFinder] Successfully decoded dsurround:dsconfigs/tags/worldgen/biome/tree_jungle.json
[11:14:01] [Render thread/INFO] [dsurround/]: [DSURROUND] [ModConfigResourceFinder] find() returning 1 results for path: tags/worldgen/biome/tree_jungle.json
[11:14:01] [Render thread/INFO] [dsurround/]: [DSURROUND] [ModConfigResourceFinder] find() called with path: tags/blocks/occlusion/very_high.json
[11:14:01] [Render thread/INFO] [dsurround/]: [DSURROUND] [ModConfigResourceFinder] MATCH: dsconfigs/tags/blocks/occlusion/very_high.json ends with tags/blocks/occlusion/very_high.json
[11:14:01] [Render thread/INFO] [dsurround/]: [DSURROUND] [ModConfigResourceFinder] Read 84 bytes from dsurround:dsconfigs/tags/blocks/occlusion/very_high.json
[11:14:01] [Render thread/INFO] [dsurround/]: [DSURROUND] [ModConfigResourceFinder] Successfully decoded dsurround:dsconfigs/tags/blocks/occlusion/very_high.json
[11:14:01] [Render thread/INFO] [dsurround/]: [DSURROUND] [ModConfigResourceFinder] find() returning 1 results for path: tags/blocks/occlusion/very_high.json
[11:14:01] [Render thread/INFO] [dsurround/]: [DSURROUND] [ModConfigResourceFinder] find() called with path: tags/worldgen/biome/dead.json
[11:14:01] [Render thread/INFO] [dsurround/]: [DSURROUND] [ModConfigResourceFinder] MATCH: dsconfigs/tags/worldgen/biome/dead.json ends with tags/worldgen/biome/dead.json
[11:14:01] [Render thread/INFO] [dsurround/]: [DSURROUND] [ModConfigResourceFinder] Read 108 bytes from dsurround:dsconfigs/tags/worldgen/biome/dead.json
[11:14:01] [Render thread/INFO] [dsurround/]: [DSURROUND] [ModConfigResourceFinder] Successfully decoded dsurround:dsconfigs/tags/worldgen/biome/dead.json
[11:14:01] [Render thread/INFO] [dsurround/]: [DSURROUND] [ModConfigResourceFinder] find() returning 1 results for path: tags/worldgen/biome/dead.json
[11:14:01] [Render thread/INFO] [dsurround/]: [DSURROUND] [ModConfigResourceFinder] find() called with path: tags/entity_types/effects/brush_step.json
[11:14:01] [Render thread/INFO] [dsurround/]: [DSURROUND] [ModConfigResourceFinder] MATCH: dsconfigs/tags/entity_types/effects/brush_step.json ends with tags/entity_types/effects/brush_step.json
[11:14:01] [Render thread/INFO] [dsurround/]: [DSURROUND] [ModConfigResourceFinder] Read 48 bytes from dsurround:dsconfigs/tags/entity_types/effects/brush_step.json
[11:14:01] [Render thread/INFO] [dsurround/]: [DSURROUND] [ModConfigResourceFinder] Successfully decoded dsurround:dsconfigs/tags/entity_types/effects/brush_step.json
[11:14:01] [Render thread/INFO] [dsurround/]: [DSURROUND] [ModConfigResourceFinder] find() returning 1 results for path: tags/entity_types/effects/brush_step.json
[11:14:01] [Render thread/INFO] [dsurround/]: [DSURROUND] [ModConfigResourceFinder] find() called with path: tags/worldgen/biome/climate_wet.json
[11:14:01] [Render thread/INFO] [dsurround/]: [DSURROUND] [ModConfigResourceFinder] MATCH: dsconfigs/tags/worldgen/biome/climate_wet.json ends with tags/worldgen/biome/climate_wet.json
[11:14:01] [Render thread/INFO] [dsurround/]: [DSURROUND] [ModConfigResourceFinder] Read 265 bytes from dsurround:dsconfigs/tags/worldgen/biome/climate_wet.json
[11:14:01] [Render thread/INFO] [dsurround/]: [DSURROUND] [ModConfigResourceFinder] Successfully decoded dsurround:dsconfigs/tags/worldgen/biome/climate_wet.json
[11:14:01] [Render thread/INFO] [dsurround/]: [DSURROUND] [ModConfigResourceFinder] find() returning 1 results for path: tags/worldgen/biome/climate_wet.json
[11:14:01] [Render thread/INFO] [dsurround/]: [DSURROUND] [ModConfigResourceFinder] find() called with path: tags/worldgen/biome/vegetation_sparse.json
[11:14:01] [Render thread/INFO] [dsurround/]: [DSURROUND] [ModConfigResourceFinder] MATCH: dsconfigs/tags/worldgen/biome/vegetation_sparse.json ends with tags/worldgen/biome/vegetation_sparse.json
[11:14:01] [Render thread/INFO] [dsurround/]: [DSURROUND] [ModConfigResourceFinder] Read 277 bytes from dsurround:dsconfigs/tags/worldgen/biome/vegetation_sparse.json
[11:14:01] [Render thread/INFO] [dsurround/]: [DSURROUND] [ModConfigResourceFinder] Successfully decoded dsurround:dsconfigs/tags/worldgen/biome/vegetation_sparse.json
[11:14:01] [Render thread/INFO] [dsurround/]: [DSURROUND] [ModConfigResourceFinder] find() returning 1 results for path: tags/worldgen/biome/vegetation_sparse.json
[11:14:01] [Render thread/INFO] [dsurround/]: [DSURROUND] [ModConfigResourceFinder] find() called with path: tags/items/water_buckets.json
[11:14:01] [Render thread/INFO] [dsurround/]: [DSURROUND] [ModConfigResourceFinder] MATCH: dsconfigs/tags/items/water_buckets.json ends with tags/items/water_buckets.json
[11:14:01] [Render thread/INFO] [dsurround/]: [DSURROUND] [ModConfigResourceFinder] Read 96 bytes from dsurround:dsconfigs/tags/items/water_buckets.json
[11:14:01] [Render thread/INFO] [dsurround/]: [DSURROUND] [ModConfigResourceFinder] Successfully decoded dsurround:dsconfigs/tags/items/water_buckets.json
[11:14:01] [Render thread/INFO] [dsurround/]: [DSURROUND] [ModConfigResourceFinder] find() returning 1 results for path: tags/items/water_buckets.json
[11:14:01] [Render thread/INFO] [dsurround/]: [DSURROUND] [ModConfigResourceFinder] find() called with path: tags/worldgen/biome/lush.json
[11:14:01] [Render thread/INFO] [dsurround/]: [DSURROUND] [ModConfigResourceFinder] MATCH: dsconfigs/tags/worldgen/biome/lush.json ends with tags/worldgen/biome/lush.json
[11:14:01] [Render thread/INFO] [dsurround/]: [DSURROUND] [ModConfigResourceFinder] Read 115 bytes from dsurround:dsconfigs/tags/worldgen/biome/lush.json
[11:14:01] [Render thread/INFO] [dsurround/]: [DSURROUND] [ModConfigResourceFinder] Successfully decoded dsurround:dsconfigs/tags/worldgen/biome/lush.json
[11:14:01] [Render thread/INFO] [dsurround/]: [DSURROUND] [ModConfigResourceFinder] find() returning 1 results for path: tags/worldgen/biome/lush.json
[11:14:01] [Render thread/INFO] [dsurround/]: [DSURROUND] [ModConfigResourceFinder] find() called with path: tags/worldgen/biome/extreme_hills.json
[11:14:01] [Render thread/INFO] [dsurround/]: [DSURROUND] [ModConfigResourceFinder] MATCH: dsconfigs/tags/worldgen/biome/extreme_hills.json ends with tags/worldgen/biome/extreme_hills.json
[11:14:01] [Render thread/INFO] [dsurround/]: [DSURROUND] [ModConfigResourceFinder] Read 117 bytes from dsurround:dsconfigs/tags/worldgen/biome/extreme_hills.json
[11:14:01] [Render thread/INFO] [dsurround/]: [DSURROUND] [ModConfigResourceFinder] Successfully decoded dsurround:dsconfigs/tags/worldgen/biome/extreme_hills.json
[11:14:01] [Render thread/INFO] [dsurround/]: [DSURROUND] [ModConfigResourceFinder] find() returning 1 results for path: tags/worldgen/biome/extreme_hills.json
[11:14:01] [Render thread/INFO] [dsurround/]: [DSURROUND] [ModConfigResourceFinder] find() called with path: tags/worldgen/biome/taiga.json
[11:14:01] [Render thread/INFO] [dsurround/]: [DSURROUND] [ModConfigResourceFinder] MATCH: dsconfigs/tags/worldgen/biome/taiga.json ends with tags/worldgen/biome/taiga.json
[11:14:01] [Render thread/INFO] [dsurround/]: [DSURROUND] [ModConfigResourceFinder] Read 109 bytes from dsurround:dsconfigs/tags/worldgen/biome/taiga.json
[11:14:01] [Render thread/INFO] [dsurround/]: [DSURROUND] [ModConfigResourceFinder] Successfully decoded dsurround:dsconfigs/tags/worldgen/biome/taiga.json
[11:14:01] [Render thread/INFO] [dsurround/]: [DSURROUND] [ModConfigResourceFinder] find() returning 1 results for path: tags/worldgen/biome/taiga.json
[11:14:01] [Render thread/INFO] [dsurround/]: [DSURROUND] [ModConfigResourceFinder] find() called with path: tags/worldgen/biome/flower_forests.json
[11:14:01] [Render thread/INFO] [dsurround/]: [DSURROUND] [ModConfigResourceFinder] MATCH: dsconfigs/tags/worldgen/biome/flower_forests.json ends with tags/worldgen/biome/flower_forests.json
[11:14:01] [Render thread/INFO] [dsurround/]: [DSURROUND] [ModConfigResourceFinder] Read 118 bytes from dsurround:dsconfigs/tags/worldgen/biome/flower_forests.json
[11:14:01] [Render thread/INFO] [dsurround/]: [DSURROUND] [ModConfigResourceFinder] Successfully decoded dsurround:dsconfigs/tags/worldgen/biome/flower_forests.json
[11:14:01] [Render thread/INFO] [dsurround/]: [DSURROUND] [ModConfigResourceFinder] find() returning 1 results for path: tags/worldgen/biome/flower_forests.json
[11:14:01] [Render thread/INFO] [dsurround/]: [DSURROUND] [ModConfigResourceFinder] find() called with path: tags/worldgen/biome/stony_shores.json
[11:14:01] [Render thread/INFO] [dsurround/]: [DSURROUND] [ModConfigResourceFinder] MATCH: dsconfigs/tags/worldgen/biome/stony_shores.json ends with tags/worldgen/biome/stony_shores.json
[11:14:01] [Render thread/INFO] [dsurround/]: [DSURROUND] [ModConfigResourceFinder] Read 116 bytes from dsurround:dsconfigs/tags/worldgen/biome/stony_shores.json
[11:14:01] [Render thread/INFO] [dsurround/]: [DSURROUND] [ModConfigResourceFinder] Successfully decoded dsurround:dsconfigs/tags/worldgen/biome/stony_shores.json
[11:14:01] [Render thread/INFO] [dsurround/]: [DSURROUND] [ModConfigResourceFinder] find() returning 1 results for path: tags/worldgen/biome/stony_shores.json
[11:14:01] [Render thread/INFO] [dsurround/]: [DSURROUND] [ModConfigResourceFinder] find() called with path: tags/worldgen/biome/shallow_ocean.json
[11:14:01] [Render thread/INFO] [dsurround/]: [DSURROUND] [ModConfigResourceFinder] MATCH: dsconfigs/tags/worldgen/biome/shallow_ocean.json ends with tags/worldgen/biome/shallow_ocean.json
[11:14:01] [Render thread/INFO] [dsurround/]: [DSURROUND] [ModConfigResourceFinder] Read 117 bytes from dsurround:dsconfigs/tags/worldgen/biome/shallow_ocean.json
[11:14:01] [Render thread/INFO] [dsurround/]: [DSURROUND] [ModConfigResourceFinder] Successfully decoded dsurround:dsconfigs/tags/worldgen/biome/shallow_ocean.json
[11:14:01] [Render thread/INFO] [dsurround/]: [DSURROUND] [ModConfigResourceFinder] find() returning 1 results for path: tags/worldgen/biome/shallow_ocean.json
[11:14:01] [Render thread/INFO] [dsurround/]: [DSURROUND] [ModConfigResourceFinder] find() called with path: tags/worldgen/biome/underground.json
[11:14:01] [Render thread/INFO] [dsurround/]: [DSURROUND] [ModConfigResourceFinder] MATCH: dsconfigs/tags/worldgen/biome/underground.json ends with tags/worldgen/biome/underground.json
[11:14:01] [Render thread/INFO] [dsurround/]: [DSURROUND] [ModConfigResourceFinder] Read 193 bytes from dsurround:dsconfigs/tags/worldgen/biome/underground.json
[11:14:01] [Render thread/INFO] [dsurround/]: [DSURROUND] [ModConfigResourceFinder] Successfully decoded dsurround:dsconfigs/tags/worldgen/biome/underground.json
[11:14:01] [Render thread/INFO] [dsurround/]: [DSURROUND] [ModConfigResourceFinder] find() returning 1 results for path: tags/worldgen/biome/underground.json
[11:14:01] [Render thread/INFO] [dsurround/]: [DSURROUND] [ModConfigResourceFinder] find() called with path: tags/blocks/occlusion/very_low.json
[11:14:01] [Render thread/INFO] [dsurround/]: [DSURROUND] [ModConfigResourceFinder] MATCH: dsconfigs/tags/blocks/occlusion/very_low.json ends with tags/blocks/occlusion/very_low.json
[11:14:01] [Render thread/INFO] [dsurround/]: [DSURROUND] [ModConfigResourceFinder] Read 97 bytes from dsurround:dsconfigs/tags/blocks/occlusion/very_low.json
[11:14:01] [Render thread/INFO] [dsurround/]: [DSURROUND] [ModConfigResourceFinder] Successfully decoded dsurround:dsconfigs/tags/blocks/occlusion/very_low.json
[11:14:01] [Render thread/INFO] [dsurround/]: [DSURROUND] [ModConfigResourceFinder] find() returning 1 results for path: tags/blocks/occlusion/very_low.json
[11:14:01] [Render thread/INFO] [dsurround/]: [DSURROUND] [ModConfigResourceFinder] find() called with path: tags/items/effects/bows.json
[11:14:01] [Render thread/INFO] [dsurround/]: [DSURROUND] [ModConfigResourceFinder] MATCH: dsconfigs/tags/items/effects/bows.json ends with tags/items/effects/bows.json
[11:14:01] [Render thread/INFO] [dsurround/]: [DSURROUND] [ModConfigResourceFinder] Read 119 bytes from dsurround:dsconfigs/tags/items/effects/bows.json
[11:14:01] [Render thread/INFO] [dsurround/]: [DSURROUND] [ModConfigResourceFinder] Successfully decoded dsurround:dsconfigs/tags/items/effects/bows.json
[11:14:01] [Render thread/INFO] [dsurround/]: [DSURROUND] [ModConfigResourceFinder] find() returning 1 results for path: tags/items/effects/bows.json
[11:14:01] [Render thread/INFO] [dsurround/]: [DSURROUND] [ModConfigResourceFinder] find() called with path: tags/items/effects/potions.json
[11:14:01] [Render thread/INFO] [dsurround/]: [DSURROUND] [ModConfigResourceFinder] MATCH: dsconfigs/tags/items/effects/potions.json ends with tags/items/effects/potions.json
[11:14:01] [Render thread/INFO] [dsurround/]: [DSURROUND] [ModConfigResourceFinder] Read 90 bytes from dsurround:dsconfigs/tags/items/effects/potions.json
[11:14:01] [Render thread/INFO] [dsurround/]: [DSURROUND] [ModConfigResourceFinder] Successfully decoded dsurround:dsconfigs/tags/items/effects/potions.json
[11:14:01] [Render thread/INFO] [dsurround/]: [DSURROUND] [ModConfigResourceFinder] find() returning 1 results for path: tags/items/effects/potions.json
[11:14:01] [Render thread/INFO] [dsurround/]: [DSURROUND] [ModConfigResourceFinder] find() called with path: tags/worldgen/biome/aquatic_icy.json
[11:14:01] [Render thread/INFO] [dsurround/]: [DSURROUND] [ModConfigResourceFinder] MATCH: dsconfigs/tags/worldgen/biome/aquatic_icy.json ends with tags/worldgen/biome/aquatic_icy.json
[11:14:01] [Render thread/INFO] [dsurround/]: [DSURROUND] [ModConfigResourceFinder] Read 115 bytes from dsurround:dsconfigs/tags/worldgen/biome/aquatic_icy.json
[11:14:01] [Render thread/INFO] [dsurround/]: [DSURROUND] [ModConfigResourceFinder] Successfully decoded dsurround:dsconfigs/tags/worldgen/biome/aquatic_icy.json
[11:14:01] [Render thread/INFO] [dsurround/]: [DSURROUND] [ModConfigResourceFinder] find() returning 1 results for path: tags/worldgen/biome/aquatic_icy.json
[11:14:01] [Render thread/INFO] [dsurround/]: [DSURROUND] [ModConfigResourceFinder] find() called with path: tags/worldgen/biome/sandy.json
[11:14:01] [Render thread/INFO] [dsurround/]: [DSURROUND] [ModConfigResourceFinder] MATCH: dsconfigs/tags/worldgen/biome/sandy.json ends with tags/worldgen/biome/sandy.json
[11:14:01] [Render thread/INFO] [dsurround/]: [DSURROUND] [ModConfigResourceFinder] Read 116 bytes from dsurround:dsconfigs/tags/worldgen/biome/sandy.json
[11:14:01] [Render thread/INFO] [dsurround/]: [DSURROUND] [ModConfigResourceFinder] Successfully decoded dsurround:dsconfigs/tags/worldgen/biome/sandy.json
[11:14:01] [Render thread/INFO] [dsurround/]: [DSURROUND] [ModConfigResourceFinder] find() returning 1 results for path: tags/worldgen/biome/sandy.json
[11:14:01] [Render thread/INFO] [dsurround/]: [DSURROUND] [ModConfigResourceFinder] find() called with path: tags/worldgen/biome/beach.json
[11:14:01] [Render thread/INFO] [dsurround/]: [DSURROUND] [ModConfigResourceFinder] MATCH: dsconfigs/tags/worldgen/biome/beach.json ends with tags/worldgen/biome/beach.json
[11:14:01] [Render thread/INFO] [dsurround/]: [DSURROUND] [ModConfigResourceFinder] Read 109 bytes from dsurround:dsconfigs/tags/worldgen/biome/beach.json
[11:14:01] [Render thread/INFO] [dsurround/]: [DSURROUND] [ModConfigResourceFinder] Successfully decoded dsurround:dsconfigs/tags/worldgen/biome/beach.json
[11:14:01] [Render thread/INFO] [dsurround/]: [DSURROUND] [ModConfigResourceFinder] find() returning 1 results for path: tags/worldgen/biome/beach.json
[11:14:01] [Render thread/INFO] [dsurround/]: [DSURROUND] [ModConfigResourceFinder] find() called with path: tags/worldgen/biome/snowy.json
[11:14:01] [Render thread/INFO] [dsurround/]: [DSURROUND] [ModConfigResourceFinder] MATCH: dsconfigs/tags/worldgen/biome/snowy.json ends with tags/worldgen/biome/snowy.json
[11:14:01] [Render thread/INFO] [dsurround/]: [DSURROUND] [ModConfigResourceFinder] Read 181 bytes from dsurround:dsconfigs/tags/worldgen/biome/snowy.json
[11:14:01] [Render thread/INFO] [dsurround/]: [DSURROUND] [ModConfigResourceFinder] Successfully decoded dsurround:dsconfigs/tags/worldgen/biome/snowy.json
[11:14:01] [Render thread/INFO] [dsurround/]: [DSURROUND] [ModConfigResourceFinder] find() returning 1 results for path: tags/worldgen/biome/snowy.json
[11:14:01] [Render thread/INFO] [dsurround/]: [DSURROUND] [ModConfigResourceFinder] find() called with path: tags/worldgen/biome/spooky.json
[11:14:01] [Render thread/INFO] [dsurround/]: [DSURROUND] [ModConfigResourceFinder] MATCH: dsconfigs/tags/worldgen/biome/spooky.json ends with tags/worldgen/biome/spooky.json
[11:14:01] [Render thread/INFO] [dsurround/]: [DSURROUND] [ModConfigResourceFinder] Read 117 bytes from dsurround:dsconfigs/tags/worldgen/biome/spooky.json
[11:14:01] [Render thread/INFO] [dsurround/]: [DSURROUND] [ModConfigResourceFinder] Successfully decoded dsurround:dsconfigs/tags/worldgen/biome/spooky.json
[11:14:01] [Render thread/INFO] [dsurround/]: [DSURROUND] [ModConfigResourceFinder] find() returning 1 results for path: tags/worldgen/biome/spooky.json
[11:14:01] [Render thread/INFO] [dsurround/]: [DSURROUND] [ModConfigResourceFinder] find() called with path: tags/blocks/effects/brush_step.json
[11:14:01] [Render thread/INFO] [dsurround/]: [DSURROUND] [ModConfigResourceFinder] MATCH: dsconfigs/tags/blocks/effects/brush_step.json ends with tags/blocks/effects/brush_step.json
[11:14:01] [Render thread/INFO] [dsurround/]: [DSURROUND] [ModConfigResourceFinder] Read 609 bytes from biomesoplenty:dsconfigs/tags/blocks/effects/brush_step.json
[11:14:01] [Render thread/INFO] [dsurround/]: [DSURROUND] [ModConfigResourceFinder] Successfully decoded biomesoplenty:dsconfigs/tags/blocks/effects/brush_step.json
[11:14:01] [Render thread/INFO] [dsurround/]: [DSURROUND] [ModConfigResourceFinder] MATCH: dsconfigs/tags/blocks/effects/brush_step.json ends with tags/blocks/effects/brush_step.json
[11:14:01] [Render thread/INFO] [dsurround/]: [DSURROUND] [ModConfigResourceFinder] Read 303 bytes from dsurround:dsconfigs/tags/blocks/effects/brush_step.json
[11:14:01] [Render thread/INFO] [dsurround/]: [DSURROUND] [ModConfigResourceFinder] Successfully decoded dsurround:dsconfigs/tags/blocks/effects/brush_step.json
[11:14:01] [Render thread/INFO] [dsurround/]: [DSURROUND] [ModConfigResourceFinder] find() returning 2 results for path: tags/blocks/effects/brush_step.json
[11:14:01] [Render thread/INFO] [dsurround/]: [DSURROUND] [ModConfigResourceFinder] find() called with path: tags/worldgen/biome/climate_temperate.json
[11:14:01] [Render thread/INFO] [dsurround/]: [DSURROUND] [ModConfigResourceFinder] MATCH: dsconfigs/tags/worldgen/biome/climate_temperate.json ends with tags/worldgen/biome/climate_temperate.json
[11:14:01] [Render thread/INFO] [dsurround/]: [DSURROUND] [ModConfigResourceFinder] Read 121 bytes from dsurround:dsconfigs/tags/worldgen/biome/climate_temperate.json
[11:14:01] [Render thread/INFO] [dsurround/]: [DSURROUND] [ModConfigResourceFinder] Successfully decoded dsurround:dsconfigs/tags/worldgen/biome/climate_temperate.json
[11:14:01] [Render thread/INFO] [dsurround/]: [DSURROUND] [ModConfigResourceFinder] find() returning 1 results for path: tags/worldgen/biome/climate_temperate.json
[11:14:01] [Render thread/INFO] [dsurround/]: [DSURROUND] [ModConfigResourceFinder] find() called with path: tags/worldgen/biome/birch_forest.json
[11:14:01] [Render thread/INFO] [dsurround/]: [DSURROUND] [ModConfigResourceFinder] MATCH: dsconfigs/tags/worldgen/biome/birch_forest.json ends with tags/worldgen/biome/birch_forest.json
[11:14:01] [Render thread/INFO] [dsurround/]: [DSURROUND] [ModConfigResourceFinder] Read 116 bytes from dsurround:dsconfigs/tags/worldgen/biome/birch_forest.json
[11:14:01] [Render thread/INFO] [dsurround/]: [DSURROUND] [ModConfigResourceFinder] Successfully decoded dsurround:dsconfigs/tags/worldgen/biome/birch_forest.json
[11:14:01] [Render thread/INFO] [dsurround/]: [DSURROUND] [ModConfigResourceFinder] find() returning 1 results for path: tags/worldgen/biome/birch_forest.json
[11:14:01] [Render thread/INFO] [dsurround/]: [DSURROUND] [ModConfigResourceFinder] find() called with path: tags/worldgen/biome/tree_coniferous.json
[11:14:01] [Render thread/INFO] [dsurround/]: [DSURROUND] [ModConfigResourceFinder] MATCH: dsconfigs/tags/worldgen/biome/tree_coniferous.json ends with tags/worldgen/biome/tree_coniferous.json
[11:14:01] [Render thread/INFO] [dsurround/]: [DSURROUND] [ModConfigResourceFinder] Read 196 bytes from dsurround:dsconfigs/tags/worldgen/biome/tree_coniferous.json
[11:14:01] [Render thread/INFO] [dsurround/]: [DSURROUND] [ModConfigResourceFinder] Successfully decoded dsurround:dsconfigs/tags/worldgen/biome/tree_coniferous.json
[11:14:01] [Render thread/INFO] [dsurround/]: [DSURROUND] [ModConfigResourceFinder] find() returning 1 results for path: tags/worldgen/biome/tree_coniferous.json
[11:14:01] [Render thread/INFO] [dsurround/]: [DSURROUND] [ModConfigResourceFinder] find() called with path: tags/worldgen/biome/snowy_plains.json
[11:14:01] [Render thread/INFO] [dsurround/]: [DSURROUND] [ModConfigResourceFinder] MATCH: dsconfigs/tags/worldgen/biome/snowy_plains.json ends with tags/worldgen/biome/snowy_plains.json
[11:14:01] [Render thread/INFO] [dsurround/]: [DSURROUND] [ModConfigResourceFinder] Read 116 bytes from dsurround:dsconfigs/tags/worldgen/biome/snowy_plains.json
[11:14:01] [Render thread/INFO] [dsurround/]: [DSURROUND] [ModConfigResourceFinder] Successfully decoded dsurround:dsconfigs/tags/worldgen/biome/snowy_plains.json
[11:14:01] [Render thread/INFO] [dsurround/]: [DSURROUND] [ModConfigResourceFinder] find() returning 1 results for path: tags/worldgen/biome/snowy_plains.json
[11:14:01] [Render thread/INFO] [dsurround/]: [DSURROUND] [ModConfigResourceFinder] find() called with path: tags/worldgen/biome/void.json
[11:14:01] [Render thread/INFO] [dsurround/]: [DSURROUND] [ModConfigResourceFinder] MATCH: dsconfigs/tags/worldgen/biome/void.json ends with tags/worldgen/biome/void.json
[11:14:01] [Render thread/INFO] [dsurround/]: [DSURROUND] [ModConfigResourceFinder] Read 179 bytes from dsurround:dsconfigs/tags/worldgen/biome/void.json
[11:14:01] [Render thread/INFO] [dsurround/]: [DSURROUND] [ModConfigResourceFinder] Successfully decoded dsurround:dsconfigs/tags/worldgen/biome/void.json
[11:14:01] [Render thread/INFO] [dsurround/]: [DSURROUND] [ModConfigResourceFinder] find() returning 1 results for path: tags/worldgen/biome/void.json
[11:14:01] [Render thread/INFO] [dsurround/]: [DSURROUND] [ModConfigResourceFinder] find() called with path: tags/items/lava_buckets.json
[11:14:01] [Render thread/INFO] [dsurround/]: [DSURROUND] [ModConfigResourceFinder] MATCH: dsconfigs/tags/items/lava_buckets.json ends with tags/items/lava_buckets.json
[11:14:01] [Render thread/INFO] [dsurround/]: [DSURROUND] [ModConfigResourceFinder] Read 95 bytes from dsurround:dsconfigs/tags/items/lava_buckets.json
[11:14:01] [Render thread/INFO] [dsurround/]: [DSURROUND] [ModConfigResourceFinder] Successfully decoded dsurround:dsconfigs/tags/items/lava_buckets.json
[11:14:01] [Render thread/INFO] [dsurround/]: [DSURROUND] [ModConfigResourceFinder] find() returning 1 results for path: tags/items/lava_buckets.json
[11:14:01] [Render thread/INFO] [dsurround/]: [DSURROUND] [ModConfigResourceFinder] find() called with path: tags/items/effects/tools.json
[11:14:01] [Render thread/INFO] [dsurround/]: [DSURROUND] [ModConfigResourceFinder] MATCH: dsconfigs/tags/items/effects/tools.json ends with tags/items/effects/tools.json
[11:14:01] [Render thread/INFO] [dsurround/]: [DSURROUND] [ModConfigResourceFinder] Read 413 bytes from dsurround:dsconfigs/tags/items/effects/tools.json
[11:14:01] [Render thread/INFO] [dsurround/]: [DSURROUND] [ModConfigResourceFinder] Successfully decoded dsurround:dsconfigs/tags/items/effects/tools.json
[11:14:01] [Render thread/INFO] [dsurround/]: [DSURROUND] [ModConfigResourceFinder] find() returning 1 results for path: tags/items/effects/tools.json
[11:14:01] [Render thread/INFO] [dsurround/]: [DSURROUND] [ModConfigResourceFinder] find() called with path: tags/blocks/occlusion/none.json
[11:14:01] [Render thread/INFO] [dsurround/]: [DSURROUND] [ModConfigResourceFinder] MATCH: dsconfigs/tags/blocks/occlusion/none.json ends with tags/blocks/occlusion/none.json
[11:14:01] [Render thread/INFO] [dsurround/]: [DSURROUND] [ModConfigResourceFinder] Read 331 bytes from dsurround:dsconfigs/tags/blocks/occlusion/none.json
[11:14:01] [Render thread/INFO] [dsurround/]: [DSURROUND] [ModConfigResourceFinder] Successfully decoded dsurround:dsconfigs/tags/blocks/occlusion/none.json
[11:14:01] [Render thread/INFO] [dsurround/]: [DSURROUND] [ModConfigResourceFinder] find() returning 1 results for path: tags/blocks/occlusion/none.json
[11:14:01] [Render thread/INFO] [dsurround/]: [DSURROUND] [ModConfigResourceFinder] find() called with path: tags/worldgen/biome/climate_dry.json
[11:14:01] [Render thread/INFO] [dsurround/]: [DSURROUND] [ModConfigResourceFinder] MATCH: dsconfigs/tags/worldgen/biome/climate_dry.json ends with tags/worldgen/biome/climate_dry.json
[11:14:01] [Render thread/INFO] [dsurround/]: [DSURROUND] [ModConfigResourceFinder] Read 416 bytes from dsurround:dsconfigs/tags/worldgen/biome/climate_dry.json
[11:14:01] [Render thread/INFO] [dsurround/]: [DSURROUND] [ModConfigResourceFinder] Successfully decoded dsurround:dsconfigs/tags/worldgen/biome/climate_dry.json
[11:14:01] [Render thread/INFO] [dsurround/]: [DSURROUND] [ModConfigResourceFinder] find() returning 1 results for path: tags/worldgen/biome/climate_dry.json
[11:14:01] [Render thread/INFO] [dsurround/]: [DSURROUND] [ModConfigResourceFinder] find() called with path: tags/worldgen/biome/rare.json
[11:14:01] [Render thread/INFO] [dsurround/]: [DSURROUND] [ModConfigResourceFinder] MATCH: dsconfigs/tags/worldgen/biome/rare.json ends with tags/worldgen/biome/rare.json
[11:14:01] [Render thread/INFO] [dsurround/]: [DSURROUND] [ModConfigResourceFinder] Read 115 bytes from dsurround:dsconfigs/tags/worldgen/biome/rare.json
[11:14:01] [Render thread/INFO] [dsurround/]: [DSURROUND] [ModConfigResourceFinder] Successfully decoded dsurround:dsconfigs/tags/worldgen/biome/rare.json
[11:14:01] [Render thread/INFO] [dsurround/]: [DSURROUND] [ModConfigResourceFinder] find() returning 1 results for path: tags/worldgen/biome/rare.json
[11:14:01] [Render thread/INFO] [dsurround/]: [DSURROUND] [ModConfigResourceFinder] find() called with path: tags/worldgen/biome/in_overworld.json
[11:14:01] [Render thread/INFO] [dsurround/]: [DSURROUND] [ModConfigResourceFinder] MATCH: dsconfigs/tags/worldgen/biome/in_overworld.json ends with tags/worldgen/biome/in_overworld.json
[11:14:01] [Render thread/INFO] [dsurround/]: [DSURROUND] [ModConfigResourceFinder] Read 116 bytes from dsurround:dsconfigs/tags/worldgen/biome/in_overworld.json
[11:14:01] [Render thread/INFO] [dsurround/]: [DSURROUND] [ModConfigResourceFinder] Successfully decoded dsurround:dsconfigs/tags/worldgen/biome/in_overworld.json
[11:14:01] [Render thread/INFO] [dsurround/]: [DSURROUND] [ModConfigResourceFinder] find() returning 1 results for path: tags/worldgen/biome/in_overworld.json
[11:14:01] [Render thread/INFO] [dsurround/]: [DSURROUND] [ModConfigResourceFinder] find() called with path: tags/worldgen/biome/desert.json
[11:14:01] [Render thread/INFO] [dsurround/]: [DSURROUND] [ModConfigResourceFinder] MATCH: dsconfigs/tags/worldgen/biome/desert.json ends with tags/worldgen/biome/desert.json
[11:14:01] [Render thread/INFO] [dsurround/]: [DSURROUND] [ModConfigResourceFinder] Read 183 bytes from dsurround:dsconfigs/tags/worldgen/biome/desert.json
[11:14:01] [Render thread/INFO] [dsurround/]: [DSURROUND] [ModConfigResourceFinder] Successfully decoded dsurround:dsconfigs/tags/worldgen/biome/desert.json
[11:14:01] [Render thread/INFO] [dsurround/]: [DSURROUND] [ModConfigResourceFinder] find() returning 1 results for path: tags/worldgen/biome/desert.json
[11:14:01] [Render thread/INFO] [dsurround/]: [DSURROUND] [ModConfigResourceFinder] find() called with path: tags/items/effects/crossbows.json
[11:14:01] [Render thread/INFO] [dsurround/]: [DSURROUND] [ModConfigResourceFinder] MATCH: dsconfigs/tags/items/effects/crossbows.json ends with tags/items/effects/crossbows.json
[11:14:01] [Render thread/INFO] [dsurround/]: [DSURROUND] [ModConfigResourceFinder] Read 129 bytes from dsurround:dsconfigs/tags/items/effects/crossbows.json
[11:14:01] [Render thread/INFO] [dsurround/]: [DSURROUND] [ModConfigResourceFinder] Successfully decoded dsurround:dsconfigs/tags/items/effects/crossbows.json
[11:14:01] [Render thread/INFO] [dsurround/]: [DSURROUND] [ModConfigResourceFinder] find() returning 1 results for path: tags/items/effects/crossbows.json
[11:14:01] [Render thread/INFO] [dsurround/]: [DSURROUND] [ModConfigResourceFinder] find() called with path: tags/items/milk_buckets.json
[11:14:01] [Render thread/INFO] [dsurround/]: [DSURROUND] [ModConfigResourceFinder] MATCH: dsconfigs/tags/items/milk_buckets.json ends with tags/items/milk_buckets.json
[11:14:01] [Render thread/INFO] [dsurround/]: [DSURROUND] [ModConfigResourceFinder] Read 95 bytes from dsurround:dsconfigs/tags/items/milk_buckets.json
[11:14:01] [Render thread/INFO] [dsurround/]: [DSURROUND] [ModConfigResourceFinder] Successfully decoded dsurround:dsconfigs/tags/items/milk_buckets.json
[11:14:01] [Render thread/INFO] [dsurround/]: [DSURROUND] [ModConfigResourceFinder] find() returning 1 results for path: tags/items/milk_buckets.json
[11:14:01] [Render thread/INFO] [dsurround/]: [DSURROUND] [ModConfigResourceFinder] find() called with path: tags/blocks/occlusion/medium.json
[11:14:01] [Render thread/INFO] [dsurround/]: [DSURROUND] [ModConfigResourceFinder] MATCH: dsconfigs/tags/blocks/occlusion/medium.json ends with tags/blocks/occlusion/medium.json
[11:14:01] [Render thread/INFO] [dsurround/]: [DSURROUND] [ModConfigResourceFinder] Read 24 bytes from dsurround:dsconfigs/tags/blocks/occlusion/medium.json
[11:14:01] [Render thread/INFO] [dsurround/]: [DSURROUND] [ModConfigResourceFinder] Successfully decoded dsurround:dsconfigs/tags/blocks/occlusion/medium.json
[11:14:01] [Render thread/INFO] [dsurround/]: [DSURROUND] [ModConfigResourceFinder] find() returning 1 results for path: tags/blocks/occlusion/medium.json
[11:14:01] [Render thread/INFO] [dsurround/]: [DSURROUND] [ModConfigResourceFinder] find() called with path: tags/blocks/reflectance/max.json
[11:14:01] [Render thread/INFO] [dsurround/]: [DSURROUND] [ModConfigResourceFinder] MATCH: dsconfigs/tags/blocks/reflectance/max.json ends with tags/blocks/reflectance/max.json
[11:14:01] [Render thread/INFO] [dsurround/]: [DSURROUND] [ModConfigResourceFinder] Read 466 bytes from dsurround:dsconfigs/tags/blocks/reflectance/max.json
[11:14:01] [Render thread/INFO] [dsurround/]: [DSURROUND] [ModConfigResourceFinder] Successfully decoded dsurround:dsconfigs/tags/blocks/reflectance/max.json
[11:14:01] [Render thread/INFO] [dsurround/]: [DSURROUND] [ModConfigResourceFinder] find() returning 1 results for path: tags/blocks/reflectance/max.json
[11:14:01] [Render thread/INFO] [dsurround/]: [DSURROUND] [ModConfigResourceFinder] find() called with path: tags/worldgen/biome/plains.json
[11:14:01] [Render thread/INFO] [dsurround/]: [DSURROUND] [ModConfigResourceFinder] MATCH: dsconfigs/tags/worldgen/biome/plains.json ends with tags/worldgen/biome/plains.json
[11:14:01] [Render thread/INFO] [dsurround/]: [DSURROUND] [ModConfigResourceFinder] Read 183 bytes from dsurround:dsconfigs/tags/worldgen/biome/plains.json
[11:14:01] [Render thread/INFO] [dsurround/]: [DSURROUND] [ModConfigResourceFinder] Successfully decoded dsurround:dsconfigs/tags/worldgen/biome/plains.json
[11:14:01] [Render thread/INFO] [dsurround/]: [DSURROUND] [ModConfigResourceFinder] find() returning 1 results for path: tags/worldgen/biome/plains.json
[11:14:01] [Render thread/INFO] [dsurround/]: [DSURROUND] [ModConfigResourceFinder] find() called with path: tags/worldgen/biome/ocean.json
[11:14:01] [Render thread/INFO] [dsurround/]: [DSURROUND] [ModConfigResourceFinder] MATCH: dsconfigs/tags/worldgen/biome/ocean.json ends with tags/worldgen/biome/ocean.json
[11:14:01] [Render thread/INFO] [dsurround/]: [DSURROUND] [ModConfigResourceFinder] Read 109 bytes from dsurround:dsconfigs/tags/worldgen/biome/ocean.json
[11:14:01] [Render thread/INFO] [dsurround/]: [DSURROUND] [ModConfigResourceFinder] Successfully decoded dsurround:dsconfigs/tags/worldgen/biome/ocean.json
[11:14:01] [Render thread/INFO] [dsurround/]: [DSURROUND] [ModConfigResourceFinder] find() returning 1 results for path: tags/worldgen/biome/ocean.json
[11:14:01] [Render thread/INFO] [dsurround/]: [DSURROUND] [ModConfigResourceFinder] find() called with path: tags/worldgen/biome/forest.json
[11:14:01] [Render thread/INFO] [dsurround/]: [DSURROUND] [ModConfigResourceFinder] MATCH: dsconfigs/tags/worldgen/biome/forest.json ends with tags/worldgen/biome/forest.json
[11:14:01] [Render thread/INFO] [dsurround/]: [DSURROUND] [ModConfigResourceFinder] Read 110 bytes from dsurround:dsconfigs/tags/worldgen/biome/forest.json
[11:14:01] [Render thread/INFO] [dsurround/]: [DSURROUND] [ModConfigResourceFinder] Successfully decoded dsurround:dsconfigs/tags/worldgen/biome/forest.json
[11:14:01] [Render thread/INFO] [dsurround/]: [DSURROUND] [ModConfigResourceFinder] find() returning 1 results for path: tags/worldgen/biome/forest.json
[11:14:01] [Render thread/INFO] [dsurround/]: [DSURROUND] [ModConfigResourceFinder] find() called with path: tags/worldgen/biome/aquatic.json
[11:14:01] [Render thread/INFO] [dsurround/]: [DSURROUND] [ModConfigResourceFinder] MATCH: dsconfigs/tags/worldgen/biome/aquatic.json ends with tags/worldgen/biome/aquatic.json
[11:14:01] [Render thread/INFO] [dsurround/]: [DSURROUND] [ModConfigResourceFinder] Read 183 bytes from dsurround:dsconfigs/tags/worldgen/biome/aquatic.json
[11:14:01] [Render thread/INFO] [dsurround/]: [DSURROUND] [ModConfigResourceFinder] Successfully decoded dsurround:dsconfigs/tags/worldgen/biome/aquatic.json
[11:14:01] [Render thread/INFO] [dsurround/]: [DSURROUND] [ModConfigResourceFinder] find() returning 1 results for path: tags/worldgen/biome/aquatic.json
[11:14:01] [Render thread/INFO] [dsurround/]: [DSURROUND] [ModConfigResourceFinder] find() called with path: tags/blocks/reflectance/low.json
[11:14:01] [Render thread/INFO] [dsurround/]: [DSURROUND] [ModConfigResourceFinder] MATCH: dsconfigs/tags/blocks/reflectance/low.json ends with tags/blocks/reflectance/low.json
[11:14:01] [Render thread/INFO] [dsurround/]: [DSURROUND] [ModConfigResourceFinder] Read 301 bytes from dsurround:dsconfigs/tags/blocks/reflectance/low.json
[11:14:01] [Render thread/INFO] [dsurround/]: [DSURROUND] [ModConfigResourceFinder] Successfully decoded dsurround:dsconfigs/tags/blocks/reflectance/low.json
[11:14:01] [Render thread/INFO] [dsurround/]: [DSURROUND] [ModConfigResourceFinder] find() returning 1 results for path: tags/blocks/reflectance/low.json
[11:14:01] [Render thread/INFO] [dsurround/]: [DSURROUND] [ModConfigResourceFinder] find() called with path: tags/worldgen/biome/end_islands.json
[11:14:01] [Render thread/INFO] [dsurround/]: [DSURROUND] [ModConfigResourceFinder] MATCH: dsconfigs/tags/worldgen/biome/end_islands.json ends with tags/worldgen/biome/end_islands.json
[11:14:01] [Render thread/INFO] [dsurround/]: [DSURROUND] [ModConfigResourceFinder] Read 115 bytes from dsurround:dsconfigs/tags/worldgen/biome/end_islands.json
[11:14:01] [Render thread/INFO] [dsurround/]: [DSURROUND] [ModConfigResourceFinder] Successfully decoded dsurround:dsconfigs/tags/worldgen/biome/end_islands.json
[11:14:01] [Render thread/INFO] [dsurround/]: [DSURROUND] [ModConfigResourceFinder] find() returning 1 results for path: tags/worldgen/biome/end_islands.json
[11:14:01] [Render thread/INFO] [dsurround/]: [DSURROUND] [ModConfigResourceFinder] find() called with path: tags/blocks/effects/floor_squeaks.json
[11:14:01] [Render thread/INFO] [dsurround/]: [DSURROUND] [ModConfigResourceFinder] MATCH: dsconfigs/tags/blocks/effects/floor_squeaks.json ends with tags/blocks/effects/floor_squeaks.json
[11:14:01] [Render thread/INFO] [dsurround/]: [DSURROUND] [ModConfigResourceFinder] Read 114 bytes from dsurround:dsconfigs/tags/blocks/effects/floor_squeaks.json
[11:14:01] [Render thread/INFO] [dsurround/]: [DSURROUND] [ModConfigResourceFinder] Successfully decoded dsurround:dsconfigs/tags/blocks/effects/floor_squeaks.json
[11:14:01] [Render thread/INFO] [dsurround/]: [DSURROUND] [ModConfigResourceFinder] find() returning 1 results for path: tags/blocks/effects/floor_squeaks.json
[11:14:01] [Render thread/INFO] [dsurround/]: [DSURROUND] [ModConfigResourceFinder] find() called with path: tags/worldgen/biome/badlands.json
[11:14:01] [Render thread/INFO] [dsurround/]: [DSURROUND] [ModConfigResourceFinder] MATCH: dsconfigs/tags/worldgen/biome/badlands.json ends with tags/worldgen/biome/badlands.json
[11:14:01] [Render thread/INFO] [dsurround/]: [DSURROUND] [ModConfigResourceFinder] Read 112 bytes from dsurround:dsconfigs/tags/worldgen/biome/badlands.json
[11:14:01] [Render thread/INFO] [dsurround/]: [DSURROUND] [ModConfigResourceFinder] Successfully decoded dsurround:dsconfigs/tags/worldgen/biome/badlands.json
[11:14:01] [Render thread/INFO] [dsurround/]: [DSURROUND] [ModConfigResourceFinder] find() returning 1 results for path: tags/worldgen/biome/badlands.json
[11:14:01] [Render thread/INFO] [dsurround/]: [DSURROUND] [ModConfigResourceFinder] find() called with path: tags/worldgen/biome/river.json
[11:14:01] [Render thread/INFO] [dsurround/]: [DSURROUND] [ModConfigResourceFinder] MATCH: dsconfigs/tags/worldgen/biome/river.json ends with tags/worldgen/biome/river.json
[11:14:01] [Render thread/INFO] [dsurround/]: [DSURROUND] [ModConfigResourceFinder] Read 109 bytes from dsurround:dsconfigs/tags/worldgen/biome/river.json
[11:14:01] [Render thread/INFO] [dsurround/]: [DSURROUND] [ModConfigResourceFinder] Successfully decoded dsurround:dsconfigs/tags/worldgen/biome/river.json
[11:14:01] [Render thread/INFO] [dsurround/]: [DSURROUND] [ModConfigResourceFinder] find() returning 1 results for path: tags/worldgen/biome/river.json
[11:14:01] [Render thread/INFO] [dsurround/]: [DSURROUND] [ModConfigResourceFinder] find() called with path: tags/blocks/occlusion/low.json
[11:14:01] [Render thread/INFO] [dsurround/]: [DSURROUND] [ModConfigResourceFinder] MATCH: dsconfigs/tags/blocks/occlusion/low.json ends with tags/blocks/occlusion/low.json
[11:14:01] [Render thread/INFO] [dsurround/]: [DSURROUND] [ModConfigResourceFinder] Read 253 bytes from dsurround:dsconfigs/tags/blocks/occlusion/low.json
[11:14:01] [Render thread/INFO] [dsurround/]: [DSURROUND] [ModConfigResourceFinder] Successfully decoded dsurround:dsconfigs/tags/blocks/occlusion/low.json
[11:14:01] [Render thread/INFO] [dsurround/]: [DSURROUND] [ModConfigResourceFinder] find() returning 1 results for path: tags/blocks/occlusion/low.json
[11:14:01] [Render thread/INFO] [dsurround/]: [DSURROUND] [ModConfigResourceFinder] find() called with path: tags/blocks/reflectance/medium.json
[11:14:01] [Render thread/INFO] [dsurround/]: [DSURROUND] [ModConfigResourceFinder] MATCH: dsconfigs/tags/blocks/reflectance/medium.json ends with tags/blocks/reflectance/medium.json
[11:14:01] [Render thread/INFO] [dsurround/]: [DSURROUND] [ModConfigResourceFinder] Read 165 bytes from dsurround:dsconfigs/tags/blocks/reflectance/medium.json
[11:14:01] [Render thread/INFO] [dsurround/]: [DSURROUND] [ModConfigResourceFinder] Successfully decoded dsurround:dsconfigs/tags/blocks/reflectance/medium.json
[11:14:01] [Render thread/INFO] [dsurround/]: [DSURROUND] [ModConfigResourceFinder] find() returning 1 results for path: tags/blocks/reflectance/medium.json
[11:14:01] [Render thread/INFO] [dsurround/]: [DSURROUND] [ModConfigResourceFinder] find() called with path: tags/worldgen/biome/icy.json
[11:14:01] [Render thread/INFO] [dsurround/]: [DSURROUND] [ModConfigResourceFinder] MATCH: dsconfigs/tags/worldgen/biome/icy.json ends with tags/worldgen/biome/icy.json
[11:14:01] [Render thread/INFO] [dsurround/]: [DSURROUND] [ModConfigResourceFinder] Read 107 bytes from dsurround:dsconfigs/tags/worldgen/biome/icy.json
[11:14:01] [Render thread/INFO] [dsurround/]: [DSURROUND] [ModConfigResourceFinder] Successfully decoded dsurround:dsconfigs/tags/worldgen/biome/icy.json
[11:14:01] [Render thread/INFO] [dsurround/]: [DSURROUND] [ModConfigResourceFinder] find() returning 1 results for path: tags/worldgen/biome/icy.json
[11:14:01] [Render thread/INFO] [dsurround/]: [DSURROUND] [ModConfigResourceFinder] find() called with path: tags/worldgen/biome/climate_cold.json
[11:14:01] [Render thread/INFO] [dsurround/]: [DSURROUND] [ModConfigResourceFinder] MATCH: dsconfigs/tags/worldgen/biome/climate_cold.json ends with tags/worldgen/biome/climate_cold.json
[11:14:01] [Render thread/INFO] [dsurround/]: [DSURROUND] [ModConfigResourceFinder] Read 343 bytes from dsurround:dsconfigs/tags/worldgen/biome/climate_cold.json
[11:14:01] [Render thread/INFO] [dsurround/]: [DSURROUND] [ModConfigResourceFinder] Successfully decoded dsurround:dsconfigs/tags/worldgen/biome/climate_cold.json
[11:14:01] [Render thread/INFO] [dsurround/]: [DSURROUND] [ModConfigResourceFinder] find() returning 1 results for path: tags/worldgen/biome/climate_cold.json
[11:14:01] [Render thread/INFO] [dsurround/]: [DSURROUND] [ModConfigResourceFinder] find() called with path: tags/worldgen/biome/mountain_peak.json
[11:14:01] [Render thread/INFO] [dsurround/]: [DSURROUND] [ModConfigResourceFinder] MATCH: dsconfigs/tags/worldgen/biome/mountain_peak.json ends with tags/worldgen/biome/mountain_peak.json
[11:14:01] [Render thread/INFO] [dsurround/]: [DSURROUND] [ModConfigResourceFinder] Read 117 bytes from dsurround:dsconfigs/tags/worldgen/biome/mountain_peak.json
[11:14:01] [Render thread/INFO] [dsurround/]: [DSURROUND] [ModConfigResourceFinder] Successfully decoded dsurround:dsconfigs/tags/worldgen/biome/mountain_peak.json
[11:14:01] [Render thread/INFO] [dsurround/]: [DSURROUND] [ModConfigResourceFinder] find() returning 1 results for path: tags/worldgen/biome/mountain_peak.json
[11:14:01] [Render thread/INFO] [dsurround/]: [DSURROUND] [ModConfigResourceFinder] find() called with path: tags/blocks/occlusion/max.json
[11:14:01] [Render thread/INFO] [dsurround/]: [DSURROUND] [ModConfigResourceFinder] MATCH: dsconfigs/tags/blocks/occlusion/max.json ends with tags/blocks/occlusion/max.json
[11:14:01] [Render thread/INFO] [dsurround/]: [DSURROUND] [ModConfigResourceFinder] Read 24 bytes from dsurround:dsconfigs/tags/blocks/occlusion/max.json
[11:14:01] [Render thread/INFO] [dsurround/]: [DSURROUND] [ModConfigResourceFinder] Successfully decoded dsurround:dsconfigs/tags/blocks/occlusion/max.json
[11:14:01] [Render thread/INFO] [dsurround/]: [DSURROUND] [ModConfigResourceFinder] find() returning 1 results for path: tags/blocks/occlusion/max.json
[11:14:01] [Render thread/INFO] [dsurround/]: [DSURROUND] [ModConfigResourceFinder] find() called with path: tags/worldgen/biome/mesa.json
[11:14:01] [Render thread/INFO] [dsurround/]: [DSURROUND] [ModConfigResourceFinder] MATCH: dsconfigs/tags/worldgen/biome/mesa.json ends with tags/worldgen/biome/mesa.json
[11:14:01] [Render thread/INFO] [dsurround/]: [DSURROUND] [ModConfigResourceFinder] Read 182 bytes from dsurround:dsconfigs/tags/worldgen/biome/mesa.json
[11:14:01] [Render thread/INFO] [dsurround/]: [DSURROUND] [ModConfigResourceFinder] Successfully decoded dsurround:dsconfigs/tags/worldgen/biome/mesa.json
[11:14:01] [Render thread/INFO] [dsurround/]: [DSURROUND] [ModConfigResourceFinder] find() returning 1 results for path: tags/worldgen/biome/mesa.json
[11:14:01] [Render thread/INFO] [dsurround/]: [DSURROUND] [ModConfigResourceFinder] find() called with path: tags/worldgen/biome/mountain.json
[11:14:01] [Render thread/INFO] [dsurround/]: [DSURROUND] [ModConfigResourceFinder] MATCH: dsconfigs/tags/worldgen/biome/mountain.json ends with tags/worldgen/biome/mountain.json
[11:14:01] [Render thread/INFO] [dsurround/]: [DSURROUND] [ModConfigResourceFinder] Read 187 bytes from dsurround:dsconfigs/tags/worldgen/biome/mountain.json
[11:14:01] [Render thread/INFO] [dsurround/]: [DSURROUND] [ModConfigResourceFinder] Successfully decoded dsurround:dsconfigs/tags/worldgen/biome/mountain.json
[11:14:01] [Render thread/INFO] [dsurround/]: [DSURROUND] [ModConfigResourceFinder] find() returning 1 results for path: tags/worldgen/biome/mountain.json
[11:14:01] [Render thread/INFO] [dsurround/]: [DSURROUND] [ModConfigResourceFinder] find() called with path: tags/worldgen/biome/in_nether.json
[11:14:01] [Render thread/INFO] [dsurround/]: [DSURROUND] [ModConfigResourceFinder] MATCH: dsconfigs/tags/worldgen/biome/in_nether.json ends with tags/worldgen/biome/in_nether.json
[11:14:01] [Render thread/INFO] [dsurround/]: [DSURROUND] [ModConfigResourceFinder] Read 113 bytes from dsurround:dsconfigs/tags/worldgen/biome/in_nether.json
[11:14:01] [Render thread/INFO] [dsurround/]: [DSURROUND] [ModConfigResourceFinder] Successfully decoded dsurround:dsconfigs/tags/worldgen/biome/in_nether.json
[11:14:01] [Render thread/INFO] [dsurround/]: [DSURROUND] [ModConfigResourceFinder] find() returning 1 results for path: tags/worldgen/biome/in_nether.json
[11:14:01] [Render thread/INFO] [dsurround/]: [DSURROUND] [ModConfigResourceFinder] find() called with path: tags/worldgen/biome/caves.json
[11:14:01] [Render thread/INFO] [dsurround/]: [DSURROUND] [ModConfigResourceFinder] MATCH: dsconfigs/tags/worldgen/biome/caves.json ends with tags/worldgen/biome/caves.json
[11:14:01] [Render thread/INFO] [dsurround/]: [DSURROUND] [ModConfigResourceFinder] Read 180 bytes from dsurround:dsconfigs/tags/worldgen/biome/caves.json
[11:14:01] [Render thread/INFO] [dsurround/]: [DSURROUND] [ModConfigResourceFinder] Successfully decoded dsurround:dsconfigs/tags/worldgen/biome/caves.json
[11:14:01] [Render thread/INFO] [dsurround/]: [DSURROUND] [ModConfigResourceFinder] find() returning 1 results for path: tags/worldgen/biome/caves.json
[11:14:01] [Render thread/INFO] [dsurround/]: [DSURROUND] [ModConfigResourceFinder] find() called with path: tags/worldgen/biome/tree_savanna.json
[11:14:01] [Render thread/INFO] [dsurround/]: [DSURROUND] [ModConfigResourceFinder] MATCH: dsconfigs/tags/worldgen/biome/tree_savanna.json ends with tags/worldgen/biome/tree_savanna.json
[11:14:01] [Render thread/INFO] [dsurround/]: [DSURROUND] [ModConfigResourceFinder] Read 116 bytes from dsurround:dsconfigs/tags/worldgen/biome/tree_savanna.json
[11:14:01] [Render thread/INFO] [dsurround/]: [DSURROUND] [ModConfigResourceFinder] Successfully decoded dsurround:dsconfigs/tags/worldgen/biome/tree_savanna.json
[11:14:01] [Render thread/INFO] [dsurround/]: [DSURROUND] [ModConfigResourceFinder] find() returning 1 results for path: tags/worldgen/biome/tree_savanna.json
[11:14:01] [Render thread/INFO] [dsurround/]: [DSURROUND] [ModConfigResourceFinder] find() called with path: tags/worldgen/biome/windswept.json
[11:14:01] [Render thread/INFO] [dsurround/]: [DSURROUND] [ModConfigResourceFinder] MATCH: dsconfigs/tags/worldgen/biome/windswept.json ends with tags/worldgen/biome/windswept.json
[11:14:01] [Render thread/INFO] [dsurround/]: [DSURROUND] [ModConfigResourceFinder] Read 113 bytes from dsurround:dsconfigs/tags/worldgen/biome/windswept.json
[11:14:01] [Render thread/INFO] [dsurround/]: [DSURROUND] [ModConfigResourceFinder] Successfully decoded dsurround:dsconfigs/tags/worldgen/biome/windswept.json
[11:14:01] [Render thread/INFO] [dsurround/]: [DSURROUND] [ModConfigResourceFinder] MATCH: dsconfigs/tags/worldgen/biome/windswept.json ends with tags/worldgen/biome/windswept.json
[11:14:01] [Render thread/INFO] [dsurround/]: [DSURROUND] [ModConfigResourceFinder] Read 234 bytes from natures_spirit:dsconfigs/tags/worldgen/biome/windswept.json
[11:14:01] [Render thread/INFO] [dsurround/]: [DSURROUND] [ModConfigResourceFinder] Successfully decoded natures_spirit:dsconfigs/tags/worldgen/biome/windswept.json
[11:14:01] [Render thread/INFO] [dsurround/]: [DSURROUND] [ModConfigResourceFinder] find() returning 2 results for path: tags/worldgen/biome/windswept.json
[11:14:01] [Render thread/INFO] [dsurround/]: [DSURROUND] [ModConfigResourceFinder] find() called with path: tags/worldgen/biome/savanna.json
[11:14:01] [Render thread/INFO] [dsurround/]: [DSURROUND] [ModConfigResourceFinder] MATCH: dsconfigs/tags/worldgen/biome/savanna.json ends with tags/worldgen/biome/savanna.json
[11:14:01] [Render thread/INFO] [dsurround/]: [DSURROUND] [ModConfigResourceFinder] Read 111 bytes from dsurround:dsconfigs/tags/worldgen/biome/savanna.json
[11:14:01] [Render thread/INFO] [dsurround/]: [DSURROUND] [ModConfigResourceFinder] Successfully decoded dsurround:dsconfigs/tags/worldgen/biome/savanna.json
[11:14:01] [Render thread/INFO] [dsurround/]: [DSURROUND] [ModConfigResourceFinder] find() returning 1 results for path: tags/worldgen/biome/savanna.json
[11:14:01] [Render thread/INFO] [dsurround/]: [DSURROUND] [ModConfigResourceFinder] find() called with path: tags/blocks/effects/fireflies.json
[11:14:01] [Render thread/INFO] [dsurround/]: [DSURROUND] [ModConfigResourceFinder] MATCH: dsconfigs/tags/blocks/effects/fireflies.json ends with tags/blocks/effects/fireflies.json
[11:14:01] [Render thread/INFO] [dsurround/]: [DSURROUND] [ModConfigResourceFinder] Read 50 bytes from dsurround:dsconfigs/tags/blocks/effects/fireflies.json
[11:14:01] [Render thread/INFO] [dsurround/]: [DSURROUND] [ModConfigResourceFinder] Successfully decoded dsurround:dsconfigs/tags/blocks/effects/fireflies.json
[11:14:01] [Render thread/INFO] [dsurround/]: [DSURROUND] [ModConfigResourceFinder] find() returning 1 results for path: tags/blocks/effects/fireflies.json
[11:14:01] [Render thread/INFO] [dsurround/]: [DSURROUND] [ModConfigResourceFinder] find() called with path: tags/blocks/effects/watery_step.json
[11:14:01] [Render thread/INFO] [dsurround/]: [DSURROUND] [ModConfigResourceFinder] MATCH: dsconfigs/tags/blocks/effects/watery_step.json ends with tags/blocks/effects/watery_step.json
[11:14:01] [Render thread/INFO] [dsurround/]: [DSURROUND] [ModConfigResourceFinder] Read 107 bytes from biomesoplenty:dsconfigs/tags/blocks/effects/watery_step.json
[11:14:01] [Render thread/INFO] [dsurround/]: [DSURROUND] [ModConfigResourceFinder] Successfully decoded biomesoplenty:dsconfigs/tags/blocks/effects/watery_step.json
[11:14:01] [Render thread/INFO] [dsurround/]: [DSURROUND] [ModConfigResourceFinder] MATCH: dsconfigs/tags/blocks/effects/watery_step.json ends with tags/blocks/effects/watery_step.json
[11:14:01] [Render thread/INFO] [dsurround/]: [DSURROUND] [ModConfigResourceFinder] Read 50 bytes from dsurround:dsconfigs/tags/blocks/effects/watery_step.json
[11:14:01] [Render thread/INFO] [dsurround/]: [DSURROUND] [ModConfigResourceFinder] Successfully decoded dsurround:dsconfigs/tags/blocks/effects/watery_step.json
[11:14:01] [Render thread/INFO] [dsurround/]: [DSURROUND] [ModConfigResourceFinder] find() returning 2 results for path: tags/blocks/effects/watery_step.json
[11:14:01] [Render thread/INFO] [dsurround/]: [DSURROUND] [ModConfigResourceFinder] find() called with path: tags/entity_types/effects/bow_pull.json
[11:14:01] [Render thread/INFO] [dsurround/]: [DSURROUND] [ModConfigResourceFinder] MATCH: dsconfigs/tags/entity_types/effects/bow_pull.json ends with tags/entity_types/effects/bow_pull.json
[11:14:01] [Render thread/INFO] [dsurround/]: [DSURROUND] [ModConfigResourceFinder] Read 104 bytes from dsurround:dsconfigs/tags/entity_types/effects/bow_pull.json
[11:14:01] [Render thread/INFO] [dsurround/]: [DSURROUND] [ModConfigResourceFinder] Successfully decoded dsurround:dsconfigs/tags/entity_types/effects/bow_pull.json
[11:14:01] [Render thread/INFO] [dsurround/]: [DSURROUND] [ModConfigResourceFinder] find() returning 1 results for path: tags/entity_types/effects/bow_pull.json
[11:14:01] [Render thread/INFO] [dsurround/]: [DSURROUND] [ModConfigResourceFinder] find() called with path: tags/worldgen/biome/floral.json
[11:14:01] [Render thread/INFO] [dsurround/]: [DSURROUND] [ModConfigResourceFinder] MATCH: dsconfigs/tags/worldgen/biome/floral.json ends with tags/worldgen/biome/floral.json
[11:14:01] [Render thread/INFO] [dsurround/]: [DSURROUND] [ModConfigResourceFinder] Read 110 bytes from dsurround:dsconfigs/tags/worldgen/biome/floral.json
[11:14:01] [Render thread/INFO] [dsurround/]: [DSURROUND] [ModConfigResourceFinder] Successfully decoded dsurround:dsconfigs/tags/worldgen/biome/floral.json
[11:14:01] [Render thread/INFO] [dsurround/]: [DSURROUND] [ModConfigResourceFinder] find() returning 1 results for path: tags/worldgen/biome/floral.json
[11:14:01] [Render thread/INFO] [dsurround/]: [DSURROUND] [ModConfigResourceFinder] find() called with path: tags/worldgen/biome/climate_hot.json
[11:14:01] [Render thread/INFO] [dsurround/]: [DSURROUND] [ModConfigResourceFinder] MATCH: dsconfigs/tags/worldgen/biome/climate_hot.json ends with tags/worldgen/biome/climate_hot.json
[11:14:01] [Render thread/INFO] [dsurround/]: [DSURROUND] [ModConfigResourceFinder] Read 342 bytes from dsurround:dsconfigs/tags/worldgen/biome/climate_hot.json
[11:14:01] [Render thread/INFO] [dsurround/]: [DSURROUND] [ModConfigResourceFinder] Successfully decoded dsurround:dsconfigs/tags/worldgen/biome/climate_hot.json
[11:14:01] [Render thread/INFO] [dsurround/]: [DSURROUND] [ModConfigResourceFinder] find() returning 1 results for path: tags/worldgen/biome/climate_hot.json
[11:14:01] [Render thread/INFO] [dsurround/]: [DSURROUND] [ModConfigResourceFinder] find() called with path: tags/blocks/effects/heat_producers.json
[11:14:01] [Render thread/INFO] [dsurround/]: [DSURROUND] [ModConfigResourceFinder] MATCH: dsconfigs/tags/blocks/effects/heat_producers.json ends with tags/blocks/effects/heat_producers.json
[11:14:01] [Render thread/INFO] [dsurround/]: [DSURROUND] [ModConfigResourceFinder] Read 107 bytes from dsurround:dsconfigs/tags/blocks/effects/heat_producers.json
[11:14:01] [Render thread/INFO] [dsurround/]: [DSURROUND] [ModConfigResourceFinder] Successfully decoded dsurround:dsconfigs/tags/blocks/effects/heat_producers.json
[11:14:01] [Render thread/INFO] [dsurround/]: [DSURROUND] [ModConfigResourceFinder] find() returning 1 results for path: tags/blocks/effects/heat_producers.json
[11:14:01] [Render thread/INFO] [dsurround/]: [DSURROUND] [ModConfigResourceFinder] find() called with path: tags/blocks/occlusion/high.json
[11:14:01] [Render thread/INFO] [dsurround/]: [DSURROUND] [ModConfigResourceFinder] MATCH: dsconfigs/tags/blocks/occlusion/high.json ends with tags/blocks/occlusion/high.json
[11:14:01] [Render thread/INFO] [dsurround/]: [DSURROUND] [ModConfigResourceFinder] Read 389 bytes from dsurround:dsconfigs/tags/blocks/occlusion/high.json
[11:14:01] [Render thread/INFO] [dsurround/]: [DSURROUND] [ModConfigResourceFinder] Successfully decoded dsurround:dsconfigs/tags/blocks/occlusion/high.json
[11:14:01] [Render thread/INFO] [dsurround/]: [DSURROUND] [ModConfigResourceFinder] find() returning 1 results for path: tags/blocks/occlusion/high.json
[11:14:01] [Render thread/INFO] [dsurround/]: [DSURROUND] [ModConfigResourceFinder] find() called with path: tags/fluids/effects/water_ripples.json
[11:14:01] [Render thread/INFO] [dsurround/]: [DSURROUND] [ModConfigResourceFinder] MATCH: dsconfigs/tags/fluids/effects/water_ripples.json ends with tags/fluids/effects/water_ripples.json
[11:14:01] [Render thread/INFO] [dsurround/]: [DSURROUND] [ModConfigResourceFinder] Read 47 bytes from dsurround:dsconfigs/tags/fluids/effects/water_ripples.json
[11:14:01] [Render thread/INFO] [dsurround/]: [DSURROUND] [ModConfigResourceFinder] Successfully decoded dsurround:dsconfigs/tags/fluids/effects/water_ripples.json
[11:14:01] [Render thread/INFO] [dsurround/]: [DSURROUND] [ModConfigResourceFinder] find() returning 1 results for path: tags/fluids/effects/water_ripples.json
[11:14:01] [Render thread/INFO] [dsurround/]: [DSURROUND] [ModConfigResourceFinder] find() called with path: tags/blocks/effects/straw_step.json
[11:14:01] [Render thread/INFO] [dsurround/]: [DSURROUND] [ModConfigResourceFinder] MATCH: dsconfigs/tags/blocks/effects/straw_step.json ends with tags/blocks/effects/straw_step.json
[11:14:01] [Render thread/INFO] [dsurround/]: [DSURROUND] [ModConfigResourceFinder] Read 707 bytes from biomesoplenty:dsconfigs/tags/blocks/effects/straw_step.json
[11:14:01] [Render thread/INFO] [dsurround/]: [DSURROUND] [ModConfigResourceFinder] Successfully decoded biomesoplenty:dsconfigs/tags/blocks/effects/straw_step.json
[11:14:01] [Render thread/INFO] [dsurround/]: [DSURROUND] [ModConfigResourceFinder] MATCH: dsconfigs/tags/blocks/effects/straw_step.json ends with tags/blocks/effects/straw_step.json
[11:14:01] [Render thread/INFO] [dsurround/]: [DSURROUND] [ModConfigResourceFinder] Read 137 bytes from dsurround:dsconfigs/tags/blocks/effects/straw_step.json
[11:14:01] [Render thread/INFO] [dsurround/]: [DSURROUND] [ModConfigResourceFinder] Successfully decoded dsurround:dsconfigs/tags/blocks/effects/straw_step.json
[11:14:01] [Render thread/INFO] [dsurround/]: [DSURROUND] [ModConfigResourceFinder] find() returning 2 results for path: tags/blocks/effects/straw_step.json
[11:14:01] [Render thread/INFO] [dsurround/]: [DSURROUND] [ModConfigResourceFinder] find() called with path: tags/blocks/reflectance/high.json
[11:14:01] [Render thread/INFO] [dsurround/]: [DSURROUND] [ModConfigResourceFinder] MATCH: dsconfigs/tags/blocks/reflectance/high.json ends with tags/blocks/reflectance/high.json
[11:14:01] [Render thread/INFO] [dsurround/]: [DSURROUND] [ModConfigResourceFinder] Read 1030 bytes from dsurround:dsconfigs/tags/blocks/reflectance/high.json
[11:14:01] [Render thread/INFO] [dsurround/]: [DSURROUND] [ModConfigResourceFinder] Successfully decoded dsurround:dsconfigs/tags/blocks/reflectance/high.json
[11:14:01] [Render thread/INFO] [dsurround/]: [DSURROUND] [ModConfigResourceFinder] find() returning 1 results for path: tags/blocks/reflectance/high.json
[11:14:01] [Render thread/INFO] [dsurround/]: [DSURROUND] [ModConfigResourceFinder] find() called with path: tags/worldgen/biome/tree_deciduous.json
[11:14:01] [Render thread/INFO] [dsurround/]: [DSURROUND] [ModConfigResourceFinder] MATCH: dsconfigs/tags/worldgen/biome/tree_deciduous.json ends with tags/worldgen/biome/tree_deciduous.json
[11:14:01] [Render thread/INFO] [dsurround/]: [DSURROUND] [ModConfigResourceFinder] Read 118 bytes from dsurround:dsconfigs/tags/worldgen/biome/tree_deciduous.json
[11:14:01] [Render thread/INFO] [dsurround/]: [DSURROUND] [ModConfigResourceFinder] Successfully decoded dsurround:dsconfigs/tags/worldgen/biome/tree_deciduous.json
[11:14:01] [Render thread/INFO] [dsurround/]: [DSURROUND] [ModConfigResourceFinder] find() returning 1 results for path: tags/worldgen/biome/tree_deciduous.json
[11:14:01] [Render thread/INFO] [dsurround/]: [DSURROUND] [ModConfigResourceFinder] find() called with path: tags/items/effects/swords.json
[11:14:01] [Render thread/INFO] [dsurround/]: [DSURROUND] [ModConfigResourceFinder] MATCH: dsconfigs/tags/items/effects/swords.json ends with tags/items/effects/swords.json
[11:14:01] [Render thread/INFO] [dsurround/]: [DSURROUND] [ModConfigResourceFinder] Read 163 bytes from dsurround:dsconfigs/tags/items/effects/swords.json
[11:14:01] [Render thread/INFO] [dsurround/]: [DSURROUND] [ModConfigResourceFinder] Successfully decoded dsurround:dsconfigs/tags/items/effects/swords.json
[11:14:01] [Render thread/INFO] [dsurround/]: [DSURROUND] [ModConfigResourceFinder] find() returning 1 results for path: tags/items/effects/swords.json
[11:14:01] [Render thread/INFO] [dsurround/]: [DSURROUND] [ModConfigResourceFinder] find() called with path: tags/blocks/effects/leaves_step.json
[11:14:01] [Render thread/INFO] [dsurround/]: [DSURROUND] [ModConfigResourceFinder] MATCH: dsconfigs/tags/blocks/effects/leaves_step.json ends with tags/blocks/effects/leaves_step.json
[11:14:01] [Render thread/INFO] [dsurround/]: [DSURROUND] [ModConfigResourceFinder] Read 70 bytes from dsurround:dsconfigs/tags/blocks/effects/leaves_step.json
[11:14:01] [Render thread/INFO] [dsurround/]: [DSURROUND] [ModConfigResourceFinder] Successfully decoded dsurround:dsconfigs/tags/blocks/effects/leaves_step.json
[11:14:01] [Render thread/INFO] [dsurround/]: [DSURROUND] [ModConfigResourceFinder] find() returning 1 results for path: tags/blocks/effects/leaves_step.json
[11:14:01] [Render thread/INFO] [dsurround/]: [DSURROUND] [ModConfigResourceFinder] find() called with path: tags/worldgen/biome/vegetation_dense.json
[11:14:01] [Render thread/INFO] [dsurround/]: [DSURROUND] [ModConfigResourceFinder] MATCH: dsconfigs/tags/worldgen/biome/vegetation_dense.json ends with tags/worldgen/biome/vegetation_dense.json
[11:14:01] [Render thread/INFO] [dsurround/]: [DSURROUND] [ModConfigResourceFinder] Read 274 bytes from dsurround:dsconfigs/tags/worldgen/biome/vegetation_dense.json
[11:14:01] [Render thread/INFO] [dsurround/]: [DSURROUND] [ModConfigResourceFinder] Successfully decoded dsurround:dsconfigs/tags/worldgen/biome/vegetation_dense.json
[11:14:01] [Render thread/INFO] [dsurround/]: [DSURROUND] [ModConfigResourceFinder] find() returning 1 results for path: tags/worldgen/biome/vegetation_dense.json
[11:14:01] [Render thread/INFO] [dsurround/]: [DSURROUND] [ModConfigResourceFinder] find() called with path: tags/blocks/reflectance/very_high.json
[11:14:01] [Render thread/INFO] [dsurround/]: [DSURROUND] [ModConfigResourceFinder] MATCH: dsconfigs/tags/blocks/reflectance/very_high.json ends with tags/blocks/reflectance/very_high.json
[11:14:01] [Render thread/INFO] [dsurround/]: [DSURROUND] [ModConfigResourceFinder] Read 26 bytes from dsurround:dsconfigs/tags/blocks/reflectance/very_high.json
[11:14:01] [Render thread/INFO] [dsurround/]: [DSURROUND] [ModConfigResourceFinder] Successfully decoded dsurround:dsconfigs/tags/blocks/reflectance/very_high.json
[11:14:01] [Render thread/INFO] [dsurround/]: [DSURROUND] [ModConfigResourceFinder] find() returning 1 results for path: tags/blocks/reflectance/very_high.json
[11:14:01] [Render thread/INFO] [dsurround/]: [DSURROUND] [ModConfigResourceFinder] find() called with path: tags/worldgen/biome/swamp.json
[11:14:01] [Render thread/INFO] [dsurround/]: [DSURROUND] [ModConfigResourceFinder] MATCH: dsconfigs/tags/worldgen/biome/swamp.json ends with tags/worldgen/biome/swamp.json
[11:14:01] [Render thread/INFO] [dsurround/]: [DSURROUND] [ModConfigResourceFinder] Read 181 bytes from dsurround:dsconfigs/tags/worldgen/biome/swamp.json
[11:14:01] [Render thread/INFO] [dsurround/]: [DSURROUND] [ModConfigResourceFinder] Successfully decoded dsurround:dsconfigs/tags/worldgen/biome/swamp.json
[11:14:01] [Render thread/INFO] [dsurround/]: [DSURROUND] [ModConfigResourceFinder] find() returning 1 results for path: tags/worldgen/biome/swamp.json
[11:14:01] [Render thread/INFO] [dsurround/]: [DSURROUND] [ModConfigResourceFinder] find() called with path: tags/worldgen/biome/wasteland.json
[11:14:01] [Render thread/INFO] [dsurround/]: [DSURROUND] [ModConfigResourceFinder] MATCH: dsconfigs/tags/worldgen/biome/wasteland.json ends with tags/worldgen/biome/wasteland.json
[11:14:01] [Render thread/INFO] [dsurround/]: [DSURROUND] [ModConfigResourceFinder] Read 189 bytes from dsurround:dsconfigs/tags/worldgen/biome/wasteland.json
[11:14:01] [Render thread/INFO] [dsurround/]: [DSURROUND] [ModConfigResourceFinder] Successfully decoded dsurround:dsconfigs/tags/worldgen/biome/wasteland.json
[11:14:01] [Render thread/INFO] [dsurround/]: [DSURROUND] [ModConfigResourceFinder] find() returning 1 results for path: tags/worldgen/biome/wasteland.json
[11:14:01] [Render thread/INFO] [dsurround/]: [DSURROUND] [ModConfigResourceFinder] find() called with path: tags/worldgen/biome/mountain_slope.json
[11:14:01] [Render thread/INFO] [dsurround/]: [DSURROUND] [ModConfigResourceFinder] MATCH: dsconfigs/tags/worldgen/biome/mountain_slope.json ends with tags/worldgen/biome/mountain_slope.json
[11:14:01] [Render thread/INFO] [dsurround/]: [DSURROUND] [ModConfigResourceFinder] Read 118 bytes from dsurround:dsconfigs/tags/worldgen/biome/mountain_slope.json
[11:14:01] [Render thread/INFO] [dsurround/]: [DSURROUND] [ModConfigResourceFinder] Successfully decoded dsurround:dsconfigs/tags/worldgen/biome/mountain_slope.json
[11:14:01] [Render thread/INFO] [dsurround/]: [DSURROUND] [ModConfigResourceFinder] find() returning 1 results for path: tags/worldgen/biome/mountain_slope.json
[11:14:01] [Render thread/INFO] [dsurround/]: [DSURROUND] Tag cache initialization complete; 99 tags cached, 255millis
[11:14:01] [Render thread/INFO] [dsurround/]: [DSURROUND] Handlers connecting...
[11:14:01] [Render thread/INFO] [dsurround/]: [DSURROUND] Initialized 6 effect handlers
[11:14:01] [Render thread/INFO] [dsurround/]: [DSURROUND] EffectManager connected
[11:14:01] [Render thread/INFO] [dsurround/]: [DSURROUND] The mod version is current
[11:14:02] [Server thread/DEBUG] [io.ne.ut.in.ThreadLocalRandom/]: -Dio.netty.initialSeedUniquifier: 0x2512d08e496c31da
[11:14:03] [Sound engine/INFO] [dsurround/]: [DSURROUND] Creating RandomGenerator 'L64X128MixRandom'
[11:14:03] [Sound engine/ERROR] [dsurround/]: [DSURROUND] Unable to create randomizer!
[11:14:03] [Sound engine/ERROR] [dsurround/]: [DSURROUND] Exception: java.lang.IllegalArgumentException: No implementation of the random number generator algorithm "L64X128MixRandom" is available
[11:14:03] [Sound engine/INFO] [dsurround/]: [DSURROUND] RandomGenerator factories available:
[11:14:03] [Sound engine/INFO] [dsurround/]: [DSURROUND] Random
[11:14:03] [Sound engine/INFO] [dsurround/]: [DSURROUND] SecureRandom
[11:14:03] [Sound engine/INFO] [dsurround/]: [DSURROUND] SplittableRandom
[11:14:03] [Sound engine/INFO] [dsurround/]: [DSURROUND] Falling back to Minecraft randomizer
[11:14:03] [pool-8-thread-2/INFO] [dsurround/]: [DSURROUND] Creating RandomGenerator 'L64X128MixRandom'
[11:14:03] [pool-8-thread-2/ERROR] [dsurround/]: [DSURROUND] Unable to create randomizer!
[11:14:03] [pool-8-thread-2/ERROR] [dsurround/]: [DSURROUND] Exception: java.lang.IllegalArgumentException: No implementation of the random number generator algorithm "L64X128MixRandom" is available
[11:14:03] [pool-8-thread-2/INFO] [dsurround/]: [DSURROUND] RandomGenerator factories available:
[11:14:03] [pool-8-thread-2/INFO] [dsurround/]: [DSURROUND] Random
[11:14:03] [pool-8-thread-2/INFO] [dsurround/]: [DSURROUND] SecureRandom
[11:14:03] [pool-8-thread-2/INFO] [dsurround/]: [DSURROUND] SplittableRandom
[11:14:03] [pool-8-thread-2/INFO] [dsurround/]: [DSURROUND] Falling back to Minecraft randomizer
[11:14:03] [pool-8-thread-1/INFO] [dsurround/]: [DSURROUND] Creating RandomGenerator 'L64X128MixRandom'
[11:14:03] [pool-8-thread-1/ERROR] [dsurround/]: [DSURROUND] Unable to create randomizer!
[11:14:03] [pool-8-thread-1/ERROR] [dsurround/]: [DSURROUND] Exception: java.lang.IllegalArgumentException: No implementation of the random number generator algorithm "L64X128MixRandom" is available
[11:14:03] [pool-8-thread-1/INFO] [dsurround/]: [DSURROUND] RandomGenerator factories available:
[11:14:03] [pool-8-thread-1/INFO] [dsurround/]: [DSURROUND] Random
[11:14:03] [pool-8-thread-1/INFO] [dsurround/]: [DSURROUND] SecureRandom
[11:14:03] [pool-8-thread-1/INFO] [dsurround/]: [DSURROUND] SplittableRandom
[11:14:03] [pool-8-thread-1/INFO] [dsurround/]: [DSURROUND] Falling back to Minecraft randomizer
[11:14:03] [Server thread/INFO] [minecraft/IntegratedServer]: Saving and pausing game...
[11:14:04] [Server thread/INFO] [minecraft/MinecraftServer]: Saving chunks for level 'ServerLevel[New World]'/minecraft:overworld
[11:14:06] [Server thread/INFO] [minecraft/MinecraftServer]: Saving chunks for level 'ServerLevel[New World]'/minecraft:the_nether
[11:14:06] [Server thread/INFO] [minecraft/MinecraftServer]: Saving chunks for level 'ServerLevel[New World]'/minecraft:the_end
[11:14:06] [Server thread/DEBUG] [ne.mi.co.ForgeHooks/WP]: Gathering id map for writing to world save New World
[11:14:06] [Server thread/DEBUG] [ne.mi.co.ForgeHooks/WP]: ID Map collection complete New World
[11:14:06] [Server thread/WARN] [minecraft/MinecraftServer]: Can't keep up! Is the server overloaded? Running 2846ms or 56 ticks behind
[11:14:14] [Render thread/INFO] [dsurround/]: [DSURROUND] Play Music: minecraft:music.creative{newSystem false, range 16.000000}
[11:14:54] [Server thread/INFO] [minecraft/MinecraftServer]: Dev取得了进度[怪物猎人]
[11:14:54] [Render thread/INFO] [minecraft/ChatComponent]: [System] [CHAT] Dev取得了进度[怪物猎人]
[11:14:54] [Render thread/INFO] [minecraft/AdvancementList]: Loaded 57 advancements
[11:15:16] [Render thread/INFO] [minecraft/Minecraft]: Stopping!
[11:15:16] [Render thread/INFO] [dsurround/]: [DSURROUND] Client stopping
[11:15:16] [Server thread/INFO] [minecraft/ServerGamePacketListenerImpl]: Dev lost connection: 连接中断
[11:15:16] [Server thread/INFO] [minecraft/MinecraftServer]: Dev退出了游戏
[11:15:16] [Server thread/INFO] [minecraft/ServerGamePacketListenerImpl]: Stopping singleplayer server as player logged out
[11:15:16] [Server thread/INFO] [minecraft/MinecraftServer]: Stopping server
[11:15:16] [Server thread/INFO] [minecraft/MinecraftServer]: Saving players
[11:15:16] [Server thread/INFO] [minecraft/MinecraftServer]: Saving worlds
[11:15:17] [Server thread/INFO] [minecraft/MinecraftServer]: Saving chunks for level 'ServerLevel[New World]'/minecraft:overworld
[11:15:17] [Server thread/INFO] [minecraft/MinecraftServer]: Saving chunks for level 'ServerLevel[New World]'/minecraft:the_nether
[11:15:17] [Server thread/INFO] [minecraft/MinecraftServer]: Saving chunks for level 'ServerLevel[New World]'/minecraft:the_end
[11:15:17] [Server thread/DEBUG] [ne.mi.co.ForgeHooks/WP]: Gathering id map for writing to world save New World
[11:15:17] [Server thread/DEBUG] [ne.mi.co.ForgeHooks/WP]: ID Map collection complete New World
[11:15:17] [Server thread/INFO] [minecraft/MinecraftServer]: ThreadedAnvilChunkStorage (New World): All chunks are saved
[11:15:17] [Server thread/INFO] [minecraft/MinecraftServer]: ThreadedAnvilChunkStorage (DIM-1): All chunks are saved
[11:15:17] [Server thread/INFO] [minecraft/MinecraftServer]: ThreadedAnvilChunkStorage (DIM1): All chunks are saved
[11:15:17] [Server thread/INFO] [minecraft/MinecraftServer]: ThreadedAnvilChunkStorage: All dimensions are saved
[11:15:17] [Server thread/DEBUG] [ne.mi.re.GameData/REGISTRIES]: Reverting to FROZEN data state.
[11:15:17] [Server thread/DEBUG] [ne.mi.re.ForgeRegistry/REGISTRIES]: Registry minecraft:block Sync: ACTIVE -> FROZEN
[11:15:17] [Server thread/DEBUG] [ne.mi.re.ForgeRegistry/REGISTRIES]: Registry minecraft:fluid Sync: ACTIVE -> FROZEN
[11:15:17] [Server thread/DEBUG] [ne.mi.re.ForgeRegistry/REGISTRIES]: Registry minecraft:item Sync: ACTIVE -> FROZEN
[11:15:17] [Server thread/DEBUG] [ne.mi.re.ForgeRegistry/REGISTRIES]: Registry minecraft:mob_effect Sync: ACTIVE -> FROZEN
[11:15:17] [Server thread/DEBUG] [ne.mi.re.ForgeRegistry/REGISTRIES]: Registry minecraft:sound_event Sync: ACTIVE -> FROZEN
[11:15:17] [Server thread/DEBUG] [ne.mi.re.ForgeRegistry/REGISTRIES]: Registry minecraft:potion Sync: ACTIVE -> FROZEN
[11:15:17] [Server thread/DEBUG] [ne.mi.re.ForgeRegistry/REGISTRIES]: Registry minecraft:enchantment Sync: ACTIVE -> FROZEN
[11:15:17] [Server thread/DEBUG] [ne.mi.re.ForgeRegistry/REGISTRIES]: Registry minecraft:entity_type Sync: ACTIVE -> FROZEN
[11:15:17] [Server thread/DEBUG] [ne.mi.re.ForgeRegistry/REGISTRIES]: Registry minecraft:block_entity_type Sync: ACTIVE -> FROZEN
[11:15:17] [Server thread/DEBUG] [ne.mi.re.ForgeRegistry/REGISTRIES]: Registry minecraft:particle_type Sync: ACTIVE -> FROZEN
[11:15:17] [Server thread/DEBUG] [ne.mi.re.ForgeRegistry/REGISTRIES]: Registry minecraft:menu Sync: ACTIVE -> FROZEN
[11:15:17] [Server thread/DEBUG] [ne.mi.re.ForgeRegistry/REGISTRIES]: Registry minecraft:painting_variant Sync: ACTIVE -> FROZEN
[11:15:17] [Server thread/DEBUG] [ne.mi.re.ForgeRegistry/REGISTRIES]: Registry minecraft:recipe_type Sync: ACTIVE -> FROZEN
[11:15:17] [Server thread/DEBUG] [ne.mi.re.ForgeRegistry/REGISTRIES]: Registry minecraft:recipe_serializer Sync: ACTIVE -> FROZEN
[11:15:17] [Server thread/DEBUG] [ne.mi.re.ForgeRegistry/REGISTRIES]: Registry minecraft:attribute Sync: ACTIVE -> FROZEN
[11:15:17] [Server thread/DEBUG] [ne.mi.re.ForgeRegistry/REGISTRIES]: Registry minecraft:stat_type Sync: ACTIVE -> FROZEN
[11:15:17] [Server thread/DEBUG] [ne.mi.re.ForgeRegistry/REGISTRIES]: Registry minecraft:command_argument_type Sync: ACTIVE -> FROZEN
[11:15:17] [Server thread/DEBUG] [ne.mi.re.ForgeRegistry/REGISTRIES]: Registry minecraft:villager_profession Sync: ACTIVE -> FROZEN
[11:15:17] [Server thread/DEBUG] [ne.mi.re.ForgeRegistry/REGISTRIES]: Registry minecraft:point_of_interest_type Sync: ACTIVE -> FROZEN
[11:15:17] [Server thread/DEBUG] [ne.mi.re.ForgeRegistry/REGISTRIES]: Registry minecraft:memory_module_type Sync: ACTIVE -> FROZEN
[11:15:17] [Server thread/DEBUG] [ne.mi.re.ForgeRegistry/REGISTRIES]: Registry minecraft:sensor_type Sync: ACTIVE -> FROZEN
[11:15:17] [Server thread/DEBUG] [ne.mi.re.ForgeRegistry/REGISTRIES]: Registry minecraft:schedule Sync: ACTIVE -> FROZEN
[11:15:17] [Server thread/DEBUG] [ne.mi.re.ForgeRegistry/REGISTRIES]: Registry minecraft:activity Sync: ACTIVE -> FROZEN
[11:15:17] [Server thread/DEBUG] [ne.mi.re.ForgeRegistry/REGISTRIES]: Registry minecraft:worldgen/carver Sync: ACTIVE -> FROZEN
[11:15:17] [Server thread/DEBUG] [ne.mi.re.ForgeRegistry/REGISTRIES]: Registry minecraft:worldgen/feature Sync: ACTIVE -> FROZEN
[11:15:17] [Server thread/DEBUG] [ne.mi.re.ForgeRegistry/REGISTRIES]: Registry minecraft:chunk_status Sync: ACTIVE -> FROZEN
[11:15:17] [Server thread/DEBUG] [ne.mi.re.ForgeRegistry/REGISTRIES]: Registry minecraft:worldgen/block_state_provider_type Sync: ACTIVE -> FROZEN
[11:15:17] [Server thread/DEBUG] [ne.mi.re.ForgeRegistry/REGISTRIES]: Registry minecraft:worldgen/foliage_placer_type Sync: ACTIVE -> FROZEN
[11:15:17] [Server thread/DEBUG] [ne.mi.re.ForgeRegistry/REGISTRIES]: Registry minecraft:worldgen/tree_decorator_type Sync: ACTIVE -> FROZEN
[11:15:17] [Server thread/DEBUG] [ne.mi.re.ForgeRegistry/REGISTRIES]: Registry minecraft:worldgen/biome Sync: ACTIVE -> FROZEN
[11:15:17] [Server thread/DEBUG] [ne.mi.re.ForgeRegistry/REGISTRIES]: Registry forge:entity_data_serializers Sync: ACTIVE -> FROZEN
[11:15:17] [Server thread/DEBUG] [ne.mi.re.ForgeRegistry/REGISTRIES]: Registry forge:global_loot_modifier_serializers Sync: ACTIVE -> FROZEN
[11:15:17] [Server thread/DEBUG] [ne.mi.re.ForgeRegistry/REGISTRIES]: Registry forge:biome_modifier_serializers Sync: ACTIVE -> FROZEN
[11:15:17] [Server thread/DEBUG] [ne.mi.re.ForgeRegistry/REGISTRIES]: Registry forge:fluid_type Sync: ACTIVE -> FROZEN
[11:15:17] [Server thread/DEBUG] [ne.mi.re.ForgeRegistry/REGISTRIES]: Registry forge:structure_modifier_serializers Sync: ACTIVE -> FROZEN
[11:15:17] [Server thread/DEBUG] [ne.mi.re.ForgeRegistry/REGISTRIES]: Registry forge:holder_set_type Sync: ACTIVE -> FROZEN
[11:15:17] [Server thread/DEBUG] [ne.mi.re.ForgeRegistry/REGISTRIES]: Registry forge:display_contexts Sync: ACTIVE -> FROZEN
[11:15:18] [Server thread/DEBUG] [ne.mi.re.ObjectHolderRegistry/REGISTRIES]: Applying holder lookups
[11:15:18] [Server thread/DEBUG] [ne.mi.re.ObjectHolderRegistry/REGISTRIES]: Holder lookups applied
[11:15:18] [Server thread/DEBUG] [ne.mi.re.GameData/REGISTRIES]: FROZEN state restored.
[11:15:18] [Server thread/DEBUG] [ne.mi.fm.co.ConfigTracker/CONFIG]: Unloading configs type SERVER

Deprecated Gradle features were used in this build, making it incompatible with Gradle 9.0.

You can use '--warning-mode all' to show the individual deprecation warnings and determine if they come from your own scripts or plugins.

For more on this, please refer to https://docs.gradle.org/8.8/userguide/command_line_interface.html#sec:command_line_warnings in the Gradle documentation.

BUILD SUCCESSFUL in 5m 14s
11 actionable tasks: 3 executed, 8 up-to-date
